species_name,lon,lat,countryCode,year,basisOfRecord,coord_uncert_m
"Danio aesculapii Kullander & Fang, 2009",93.451667,20.134861,MM,2007,PRESERVED_SPECIMEN,NA
"Danio aesculapii Kullander & Fang, 2009",94.500833,18.265833,MM,NA,PRESERVED_SPECIMEN,NA
"Danio aesculapii Kullander & Fang, 2009",94.348611,18.452222,MM,NA,PRESERVED_SPECIMEN,NA
"Danio aesculapii Kullander & Fang, 2009",94.379167,18.594167,MM,NA,PRESERVED_SPECIMEN,NA
"Danio aesculapii Kullander & Fang, 2009",94.362778,18.796667,MM,NA,PRESERVED_SPECIMEN,NA
"Danio aesculapii Kullander & Fang, 2009",94.348611,18.452222,MM,NA,PRESERVED_SPECIMEN,NA
"Danio aesculapii Kullander & Fang, 2009",94.500833,18.265833,MM,NA,PRESERVED_SPECIMEN,NA
"Danio aesculapii Kullander & Fang, 2009",94.348611,18.452222,MM,NA,PRESERVED_SPECIMEN,NA
"Danio aesculapii Kullander & Fang, 2009",94.379167,18.594167,MM,NA,PRESERVED_SPECIMEN,NA
"Danio aesculapii Kullander & Fang, 2009",94.348611,18.452222,MM,NA,PRESERVED_SPECIMEN,NA
"Danio aesculapii Kullander & Fang, 2009",94.379167,18.594167,MM,NA,PRESERVED_SPECIMEN,NA
"Danio aesculapii Kullander & Fang, 2009",94.464167,18.310833,MM,NA,PRESERVED_SPECIMEN,NA
"Danio aesculapii Kullander & Fang, 2009",94.464167,18.310833,MM,NA,PRESERVED_SPECIMEN,NA
"Danio aesculapii Kullander & Fang, 2009",94.3792,18.5942,MM,NA,PRESERVED_SPECIMEN,NA
"Danio albolineatus (Blyth, 1860)",103.825478,1.36077,SG,2025,HUMAN_OBSERVATION,NA
"Danio albolineatus (Blyth, 1860)",101.440354,12.995151,TH,2025,HUMAN_OBSERVATION,973
"Danio albolineatus (Blyth, 1860)",99.556105,11.576912,TH,2025,HUMAN_OBSERVATION,31
"Danio albolineatus (Blyth, 1860)",101.441608,12.994653,TH,2025,HUMAN_OBSERVATION,NA
"Danio albolineatus (Blyth, 1860)",101.439266,12.994649,TH,2025,HUMAN_OBSERVATION,208
"Danio albolineatus (Blyth, 1860)",101.439266,12.994649,TH,2025,HUMAN_OBSERVATION,208
"Danio albolineatus (Blyth, 1860)",100.509961,7.007552,TH,2025,HUMAN_OBSERVATION,291
"Danio albolineatus (Blyth, 1860)",100.58885,7.033938,TH,2025,HUMAN_OBSERVATION,307
"Danio albolineatus (Blyth, 1860)",100.510155,7.006556,TH,2025,HUMAN_OBSERVATION,7
"Danio albolineatus (Blyth, 1860)",101.64537,3.15601,MY,2025,HUMAN_OBSERVATION,223
"Danio albolineatus (Blyth, 1860)",104.084346,10.317218,VN,2025,HUMAN_OBSERVATION,31199
"Danio albolineatus (Blyth, 1860)",96.170364,21.876795,MM,2025,HUMAN_OBSERVATION,4841
"Danio albolineatus (Blyth, 1860)",103.776924,1.408013,SG,2025,HUMAN_OBSERVATION,55
"Danio albolineatus (Blyth, 1860)",103.778453,1.404577,SG,2025,HUMAN_OBSERVATION,NA
"Danio albolineatus (Blyth, 1860)",101.917351,5.754452,MY,2025,HUMAN_OBSERVATION,31373
"Danio albolineatus (Blyth, 1860)",101.373839,14.221235,TH,2025,HUMAN_OBSERVATION,23518
"Danio albolineatus (Blyth, 1860)",101.684059,12.978236,TH,2025,HUMAN_OBSERVATION,24705
"Danio albolineatus (Blyth, 1860)",101.684059,12.978236,TH,2025,HUMAN_OBSERVATION,24705
"Danio albolineatus (Blyth, 1860)",103.778336,1.409027,SG,2024,HUMAN_OBSERVATION,15
"Danio albolineatus (Blyth, 1860)",100.510268,7.007029,TH,2024,HUMAN_OBSERVATION,163
"Danio albolineatus (Blyth, 1860)",100.509667,7.006747,TH,2024,HUMAN_OBSERVATION,99
"Danio albolineatus (Blyth, 1860)",103.931266,1.471245,MY,2024,HUMAN_OBSERVATION,31446
"Danio albolineatus (Blyth, 1860)",103.777869,1.400588,SG,2024,HUMAN_OBSERVATION,154
"Danio albolineatus (Blyth, 1860)",104.015946,13.451693,KH,2024,HUMAN_OBSERVATION,31020
"Danio albolineatus (Blyth, 1860)",101.647014,3.157669,MY,2024,HUMAN_OBSERVATION,75
"Danio albolineatus (Blyth, 1860)",101.369726,3.901045,MY,2024,HUMAN_OBSERVATION,11847
"Danio albolineatus (Blyth, 1860)",101.172753,14.492558,TH,2024,HUMAN_OBSERVATION,13
"Danio albolineatus (Blyth, 1860)",101.632408,3.2273,MY,2023,HUMAN_OBSERVATION,4
"Danio albolineatus (Blyth, 1860)",104.030061,10.24425,VN,2023,HUMAN_OBSERVATION,7
"Danio albolineatus (Blyth, 1860)",103.810303,1.215514,SG,2023,HUMAN_OBSERVATION,31447
"Danio albolineatus (Blyth, 1860)",100.510479,7.007394,TH,2023,HUMAN_OBSERVATION,182
"Danio albolineatus (Blyth, 1860)",101.662854,3.096595,MY,2023,HUMAN_OBSERVATION,212
"Danio albolineatus (Blyth, 1860)",96.047867,17.103467,MM,2023,HUMAN_OBSERVATION,3
"Danio albolineatus (Blyth, 1860)",96.04336,17.100546,MM,2023,HUMAN_OBSERVATION,5
"Danio albolineatus (Blyth, 1860)",103.827506,1.339244,SG,2022,HUMAN_OBSERVATION,15
"Danio albolineatus (Blyth, 1860)",100.510154,7.008092,TH,2022,HUMAN_OBSERVATION,166
"Danio albolineatus (Blyth, 1860)",101.499345,3.172417,MY,2022,HUMAN_OBSERVATION,6
"Danio albolineatus (Blyth, 1860)",103.823047,1.35725,SG,2022,HUMAN_OBSERVATION,NA
"Danio albolineatus (Blyth, 1860)",98.5993,14.63055,TH,2021,PRESERVED_SPECIMEN,NA
"Danio albolineatus (Blyth, 1860)",98.60352,14.62702,TH,2021,PRESERVED_SPECIMEN,NA
"Danio albolineatus (Blyth, 1860)",98.61986,14.55692,TH,2021,PRESERVED_SPECIMEN,NA
"Danio albolineatus (Blyth, 1860)",98.63091,14.53378,TH,2021,PRESERVED_SPECIMEN,NA
"Danio albolineatus (Blyth, 1860)",98.61882,14.60408,TH,2021,PRESERVED_SPECIMEN,NA
"Danio albolineatus (Blyth, 1860)",102.326346,11.982269,TH,2021,HUMAN_OBSERVATION,209
"Danio albolineatus (Blyth, 1860)",103.830842,1.336219,SG,2021,HUMAN_OBSERVATION,4
"Danio albolineatus (Blyth, 1860)",103.831654,1.336723,SG,2021,HUMAN_OBSERVATION,23
"Danio albolineatus (Blyth, 1860)",100.220531,5.442358,MY,2020,HUMAN_OBSERVATION,892
"Danio albolineatus (Blyth, 1860)",101.657546,3.12985,MY,2019,HUMAN_OBSERVATION,44
"Danio albolineatus (Blyth, 1860)",98.99696,14.07318,TH,2019,PRESERVED_SPECIMEN,NA
"Danio albolineatus (Blyth, 1860)",99.062687,14.242537,TH,2018,PRESERVED_SPECIMEN,NA
"Danio albolineatus (Blyth, 1860)",98.592666,14.668424,TH,2018,PRESERVED_SPECIMEN,NA
"Danio albolineatus (Blyth, 1860)",98.00428,17.49463,TH,2018,PRESERVED_SPECIMEN,NA
"Danio albolineatus (Blyth, 1860)",99.07711,14.09152,TH,2018,PRESERVED_SPECIMEN,NA
"Danio albolineatus (Blyth, 1860)",98.29405,17.21483,TH,2018,PRESERVED_SPECIMEN,NA
"Danio albolineatus (Blyth, 1860)",106.30041,15.20836,LA,2013,PRESERVED_SPECIMEN,NA
"Danio albolineatus (Blyth, 1860)",98.839,19.222,TH,2012,PRESERVED_SPECIMEN,NA
"Danio albolineatus (Blyth, 1860)",98.65,10.033333,TH,2012,PRESERVED_SPECIMEN,NA
"Danio albolineatus (Blyth, 1860)",105.46034,14.69208,TH,2012,PRESERVED_SPECIMEN,NA
BOLD:ACS6641,101.086754,13.662228,TH,2012,MATERIAL_SAMPLE,NA
BOLD:ACS6641,101.086754,13.662228,TH,2012,MATERIAL_SAMPLE,NA
BOLD:ACS6641,101.086754,13.662228,TH,2012,MATERIAL_SAMPLE,NA
BOLD:ACS6641,101.086754,13.662228,TH,2012,MATERIAL_SAMPLE,NA
"Danio albolineatus (Blyth, 1860)",99.035233,2.591389,ID,2012,PRESERVED_SPECIMEN,NA
"Danio albolineatus (Blyth, 1860)",99.537222,20.101667,TH,2012,PRESERVED_SPECIMEN,NA
"Danio albolineatus (Blyth, 1860)",99.22,19.908333,TH,2012,PRESERVED_SPECIMEN,NA
"Danio albolineatus (Blyth, 1860)",99.661667,20.11,TH,2012,PRESERVED_SPECIMEN,NA
"Danio albolineatus (Blyth, 1860)",97.08181,17.396797,MM,2011,PRESERVED_SPECIMEN,NA
"Danio albolineatus (Blyth, 1860)",104.0156,13.6869,KH,2011,PRESERVED_SPECIMEN,NA
"Danio albolineatus (Blyth, 1860)",104.0156,13.6869,KH,2011,PRESERVED_SPECIMEN,NA
"Danio albolineatus (Blyth, 1860)",104.0156,13.6869,KH,2011,PRESERVED_SPECIMEN,NA
"Danio albolineatus (Blyth, 1860)",104.0156,13.6869,KH,2011,PRESERVED_SPECIMEN,NA
"Danio albolineatus (Blyth, 1860)",104.0156,13.6869,KH,2011,PRESERVED_SPECIMEN,NA
"Danio albolineatus (Blyth, 1860)",104.0156,13.6869,KH,2011,PRESERVED_SPECIMEN,NA
"Danio albolineatus (Blyth, 1860)",104.0156,13.6869,KH,2011,PRESERVED_SPECIMEN,NA
"Danio albolineatus (Blyth, 1860)",104.0156,13.6869,KH,2011,PRESERVED_SPECIMEN,NA
"Danio albolineatus (Blyth, 1860)",104.0156,13.6869,KH,2011,PRESERVED_SPECIMEN,NA
"Danio albolineatus (Blyth, 1860)",104.0156,13.6869,KH,2011,PRESERVED_SPECIMEN,NA
"Danio albolineatus (Blyth, 1860)",104.0156,13.6869,KH,2011,PRESERVED_SPECIMEN,NA
"Danio albolineatus (Blyth, 1860)",104.0156,13.6869,KH,2011,PRESERVED_SPECIMEN,NA
"Danio albolineatus (Blyth, 1860)",104.0156,13.6869,KH,2011,PRESERVED_SPECIMEN,NA
"Danio albolineatus (Blyth, 1860)",104.0156,13.6869,KH,2011,PRESERVED_SPECIMEN,NA
"Danio albolineatus (Blyth, 1860)",104.0156,13.6869,KH,2011,PRESERVED_SPECIMEN,NA
"Danio albolineatus (Blyth, 1860)",104.0156,13.6869,KH,2011,PRESERVED_SPECIMEN,NA
"Danio albolineatus (Blyth, 1860)",104.0156,13.6869,KH,2011,PRESERVED_SPECIMEN,NA
"Danio albolineatus (Blyth, 1860)",104.0156,13.6869,KH,2011,PRESERVED_SPECIMEN,NA
"Danio albolineatus (Blyth, 1860)",104.0156,13.6869,KH,2011,PRESERVED_SPECIMEN,NA
"Danio albolineatus (Blyth, 1860)",104.0156,13.6869,KH,2011,PRESERVED_SPECIMEN,NA
"Danio albolineatus (Blyth, 1860)",104.0156,13.6869,KH,2011,PRESERVED_SPECIMEN,NA
"Danio albolineatus (Blyth, 1860)",104.0156,13.6869,KH,2011,PRESERVED_SPECIMEN,NA
"Danio albolineatus (Blyth, 1860)",104.0156,13.6869,KH,2011,PRESERVED_SPECIMEN,NA
"Danio albolineatus (Blyth, 1860)",104.0156,13.6869,KH,2011,PRESERVED_SPECIMEN,NA
"Danio albolineatus (Blyth, 1860)",98.527222,14.680278,TH,2010,PRESERVED_SPECIMEN,NA
"Danio albolineatus (Blyth, 1860)",98.5237,14.713517,TH,2010,PRESERVED_SPECIMEN,NA
"Danio albolineatus (Blyth, 1860)",100.396184,20.226451,TH,2009,HUMAN_OBSERVATION,977
"Danio albolineatus (Blyth, 1860)",94.50586,19.91419,MM,2009,PRESERVED_SPECIMEN,NA
"Danio albolineatus (Blyth, 1860)",100.695833,16.560556,TH,2009,PRESERVED_SPECIMEN,NA
"Danio albolineatus (Blyth, 1860)",94.94003,17.47228,MM,2009,PRESERVED_SPECIMEN,NA
"Danio albolineatus (Blyth, 1860)",100.085133,17.8221,TH,2007,PRESERVED_SPECIMEN,NA
"Danio albolineatus (Blyth, 1860)",102.4133,12.705483,TH,2007,PRESERVED_SPECIMEN,NA
"Danio albolineatus (Blyth, 1860)",101.164517,13.081367,TH,2007,PRESERVED_SPECIMEN,NA
"Danio albolineatus (Blyth, 1860)",98.4852,2.62163,ID,2006,PRESERVED_SPECIMEN,NA
"Danio albolineatus (Blyth, 1860)",99.0352,2.5914,ID,2006,PRESERVED_SPECIMEN,NA
"Danio albolineatus (Blyth, 1860)",99.1708,2.41023,ID,2006,PRESERVED_SPECIMEN,NA
"Danio albolineatus (Blyth, 1860)",99.1224,2.5192,ID,2006,PRESERVED_SPECIMEN,NA
"Brachydanio albolineatus (Blyth, 1860)",101.066667,17.483333,TH,1998,PRESERVED_SPECIMEN,1000
"Brachydanio albolineatus (Blyth, 1860)",101.066667,17.483333,TH,1998,PRESERVED_SPECIMEN,1000
"Danio pulcher Smith, 1931",106.083333,13.416667,KH,1996,PRESERVED_SPECIMEN,NA
"Danio albolineatus (Blyth, 1860)",98.2,14.13,MM,1996,PRESERVED_SPECIMEN,NA
"Danio albolineatus (Blyth, 1860)",100.66417,5.42389,MY,1995,PRESERVED_SPECIMEN,NA
"Danio albolineatus (Blyth, 1860)",97.918365,18.028996,TH,1995,PRESERVED_SPECIMEN,22214
"Danio albolineatus (Blyth, 1860)",97.742308,17.979386,TH,1995,PRESERVED_SPECIMEN,1212
"Danio albolineatus (Blyth, 1860)",97.918365,18.028996,TH,1995,PRESERVED_SPECIMEN,22214
"Danio albolineatus (Blyth, 1860)",97.742308,17.979386,TH,1995,PRESERVED_SPECIMEN,1212
"Danio albolineatus (Blyth, 1860)",31.644444,-29.07361,ZA,1994,PRESERVED_SPECIMEN,NA
"Danio albolineatus (Blyth, 1860)",99.31921,15.60798,TH,1991,PRESERVED_SPECIMEN,NA
"Brachydanio albolineatus (Blyth, 1860)",99.58,8.58,TH,1991,PRESERVED_SPECIMEN,NA
"Brachydanio albolineatus (Blyth, 1860)",101.17,6.25,TH,1991,PRESERVED_SPECIMEN,NA
"Brachydanio albolineatus (Blyth, 1860)",96.083333,22,MM,1989,PRESERVED_SPECIMEN,NA
"Brachydanio albolineatus (Blyth, 1860)",96.083333,22,MM,1989,PRESERVED_SPECIMEN,NA
"Brachydanio albolineatus (Blyth, 1860)",96.083333,22,MM,1989,PRESERVED_SPECIMEN,NA
"Brachydanio albolineatus (Blyth, 1860)",96.083333,22,MM,1987,PRESERVED_SPECIMEN,NA
"Danio albolineatus (Blyth, 1860)",-82.439429,27.73138,US,1982,PRESERVED_SPECIMEN,NA
"Danio albolineatus (Blyth, 1860)",102.130483,12.841513,TH,1976,PRESERVED_SPECIMEN,NA
"Danio albolineatus (Blyth, 1860)",101.13333,14.4,TH,1975,PRESERVED_SPECIMEN,NA
"Danio albolineatus (Blyth, 1860)",102.285161,12.971907,TH,1965,PRESERVED_SPECIMEN,NA
"Brachydanio albolineatus (Blyth, 1860)",98.851119,2.710163,ID,1954,PRESERVED_SPECIMEN,NA
"Brachydanio albolineatus (Blyth, 1860)",96.156111,16.805278,MM,1940,PRESERVED_SPECIMEN,17436
"Brachydanio albolineatus (Blyth, 1860)",100.336585,5.37252,MY,1937,PRESERVED_SPECIMEN,40310
"Danio albolineatus (Blyth, 1860)",98.233056,16.549722,MM,NA,PRESERVED_SPECIMEN,NA
"Danio albolineatus (Blyth, 1860)",98.233056,16.549722,MM,NA,PRESERVED_SPECIMEN,NA
"Danio pulcher Smith, 1931",106.974444,10.950278,VN,NA,PRESERVED_SPECIMEN,NA
"Danio albolineatus (Blyth, 1860)",97.764722,22.931667,MM,NA,PRESERVED_SPECIMEN,NA
"Danio albolineatus (Blyth, 1860)",96.340556,19.167778,MM,NA,PRESERVED_SPECIMEN,NA
"Danio albolineatus (Blyth, 1860)",96.389444,21.976944,MM,NA,PRESERVED_SPECIMEN,NA
"Danio albolineatus (Blyth, 1860)",94.778889,22.537778,MM,NA,PRESERVED_SPECIMEN,NA
"Danio albolineatus (Blyth, 1860)",94.778889,22.537778,MM,NA,PRESERVED_SPECIMEN,NA
"Danio tweediei Brittan, 1956",99.8,8.55,TH,NA,PRESERVED_SPECIMEN,NA
"Danio tweediei Brittan, 1956",99.8,8.55,TH,NA,PRESERVED_SPECIMEN,NA
"Danio tweediei Brittan, 1956",99.8,8.55,TH,NA,PRESERVED_SPECIMEN,NA
"Danio pulcher Smith, 1931",98.520278,2.8925,ID,NA,PRESERVED_SPECIMEN,NA
"Danio albolineatus (Blyth, 1860)",97.748611,16.239444,MM,NA,PRESERVED_SPECIMEN,NA
"Danio albolineatus (Blyth, 1860)",97.3375,17.011111,MM,NA,PRESERVED_SPECIMEN,NA
"Danio albolineatus (Blyth, 1860)",96.667222,17.802778,MM,NA,PRESERVED_SPECIMEN,NA
"Danio albolineatus (Blyth, 1860)",97.748611,16.239444,MM,NA,PRESERVED_SPECIMEN,NA
"Danio albolineatus (Blyth, 1860)",97.748611,16.239444,MM,NA,PRESERVED_SPECIMEN,NA
"Danio albolineatus (Blyth, 1860)",97.493333,16.967778,MM,NA,PRESERVED_SPECIMEN,NA
"Danio albolineatus (Blyth, 1860)",94.310278,22.941944,MM,NA,PRESERVED_SPECIMEN,NA
"Danio albolineatus (Blyth, 1860)",94.310278,22.941944,MM,NA,PRESERVED_SPECIMEN,NA
"Danio albolineatus (Blyth, 1860)",94.310278,22.941944,MM,NA,PRESERVED_SPECIMEN,NA
"Danio albolineatus (Blyth, 1860)",96.255,20.079722,MM,NA,PRESERVED_SPECIMEN,NA
"Danio albolineatus (Blyth, 1860)",96.255,20.079722,MM,NA,PRESERVED_SPECIMEN,NA
"Danio albolineatus (Blyth, 1860)",96.255,20.079722,MM,NA,PRESERVED_SPECIMEN,NA
"Danio albolineatus (Blyth, 1860)",93.943889,23.219167,MM,NA,PRESERVED_SPECIMEN,NA
"Danio albolineatus (Blyth, 1860)",93.943889,23.219167,MM,NA,PRESERVED_SPECIMEN,NA
"Danio albolineatus (Blyth, 1860)",93.943889,23.219167,MM,NA,PRESERVED_SPECIMEN,NA
"Danio albolineatus (Blyth, 1860)",93.943889,23.219167,MM,NA,PRESERVED_SPECIMEN,NA
"Danio albolineatus (Blyth, 1860)",93.943889,23.219167,MM,NA,PRESERVED_SPECIMEN,NA
"Danio albolineatus (Blyth, 1860)",93.943889,23.219167,MM,NA,PRESERVED_SPECIMEN,NA
"Danio albolineatus (Blyth, 1860)",93.943889,23.219167,MM,NA,PRESERVED_SPECIMEN,NA
"Danio albolineatus (Blyth, 1860)",93.943889,23.219167,MM,NA,PRESERVED_SPECIMEN,NA
"Danio albolineatus (Blyth, 1860)",93.943889,23.219167,MM,NA,PRESERVED_SPECIMEN,NA
"Danio albolineatus (Blyth, 1860)",93.943889,23.219167,MM,NA,PRESERVED_SPECIMEN,NA
"Danio albolineatus (Blyth, 1860)",93.943889,23.219167,MM,NA,PRESERVED_SPECIMEN,NA
"Danio albolineatus (Blyth, 1860)",93.943889,23.219167,MM,NA,PRESERVED_SPECIMEN,NA
"Danio albolineatus (Blyth, 1860)",94.133056,23.228056,MM,NA,PRESERVED_SPECIMEN,NA
"Danio albolineatus (Blyth, 1860)",93.943889,23.219167,MM,NA,PRESERVED_SPECIMEN,NA
"Danio albolineatus (Blyth, 1860)",93.943889,23.219167,MM,NA,PRESERVED_SPECIMEN,NA
"Danio albolineatus (Blyth, 1860)",93.943889,23.219167,MM,NA,PRESERVED_SPECIMEN,NA
"Danio albolineatus (Blyth, 1860)",93.943889,23.219167,MM,NA,PRESERVED_SPECIMEN,NA
"Danio albolineatus (Blyth, 1860)",93.943889,23.219167,MM,NA,PRESERVED_SPECIMEN,NA
"Danio albolineatus (Blyth, 1860)",94.118889,23.511667,MM,NA,PRESERVED_SPECIMEN,NA
"Danio albolineatus (Blyth, 1860)",94.088056,23.185,MM,NA,PRESERVED_SPECIMEN,NA
"Danio albolineatus (Blyth, 1860)",94.118889,23.511667,MM,NA,PRESERVED_SPECIMEN,NA
"Danio albolineatus (Blyth, 1860)",94.121667,23.483056,MM,NA,PRESERVED_SPECIMEN,NA
"Danio albolineatus (Blyth, 1860)",94.121667,23.483056,MM,NA,PRESERVED_SPECIMEN,NA
"Danio albolineatus (Blyth, 1860)",102.296167,12.117033,TH,NA,PRESERVED_SPECIMEN,NA
"Danio albolineatus (Blyth, 1860)",102.296167,12.117033,TH,NA,PRESERVED_SPECIMEN,NA
"Danio albolineatus (Blyth, 1860)",102.296167,12.117033,TH,NA,PRESERVED_SPECIMEN,NA
"Danio albolineatus (Blyth, 1860)",102.296167,12.117033,TH,NA,PRESERVED_SPECIMEN,NA
"Danio albolineatus (Blyth, 1860)",102.296167,12.117033,TH,NA,PRESERVED_SPECIMEN,NA
"Danio albolineatus (Blyth, 1860)",102.296167,12.117033,TH,NA,PRESERVED_SPECIMEN,NA
"Danio albolineatus (Blyth, 1860)",102.296167,12.117033,TH,NA,PRESERVED_SPECIMEN,NA
"Danio albolineatus (Blyth, 1860)",102.296167,12.117033,TH,NA,PRESERVED_SPECIMEN,NA
"Danio albolineatus (Blyth, 1860)",102.296167,12.117033,TH,NA,PRESERVED_SPECIMEN,NA
"Danio albolineatus (Blyth, 1860)",102.296167,12.117033,TH,NA,PRESERVED_SPECIMEN,NA
"Danio albolineatus (Blyth, 1860)",102.296167,12.117033,TH,NA,PRESERVED_SPECIMEN,NA
"Danio albolineatus (Blyth, 1860)",102.296167,12.117033,TH,NA,PRESERVED_SPECIMEN,NA
"Brachydanio albolineatus (Blyth, 1860)",99.90811,-1.0928,ID,NA,PRESERVED_SPECIMEN,NA
"Danio tweediei Brittan, 1956",102.373611,5.742778,MY,NA,PRESERVED_SPECIMEN,NA
"Danio pulcher Smith, 1931",103.411389,11.1175,KH,NA,PRESERVED_SPECIMEN,NA
"Danio pulcher Smith, 1931",102.326389,11.981944,TH,NA,PRESERVED_SPECIMEN,NA
"Danio pulcher Smith, 1931",102.320833,12.001111,TH,NA,PRESERVED_SPECIMEN,NA
"Danio pulcher Smith, 1931",102.326389,11.981944,TH,NA,PRESERVED_SPECIMEN,NA
"Danio albolineatus (Blyth, 1860)",94.519167,21.434167,MM,NA,PRESERVED_SPECIMEN,NA
"Danio albolineatus (Blyth, 1860)",94.244722,21.456667,MM,NA,PRESERVED_SPECIMEN,NA
"Danio albolineatus (Blyth, 1860)",96.190556,17.239167,MM,NA,PRESERVED_SPECIMEN,NA
"Danio pulcher Smith, 1931",105.633333,14.133333,LA,NA,PRESERVED_SPECIMEN,NA
"Danio tweediei Brittan, 1956",100.47751,5.639395,MY,NA,PRESERVED_SPECIMEN,4756
"Danio tweediei Brittan, 1956",100.47751,5.639395,MY,NA,PRESERVED_SPECIMEN,4756
"Danio tweediei Brittan, 1956",98.550278,3.265833,ID,NA,PRESERVED_SPECIMEN,NA
"Danio annulosus Kullander, Rahman, Norén & Mollah, 2015",91.673054,22.669378,BD,2024,HUMAN_OBSERVATION,8808
"Danio annulosus Kullander, Rahman, Norén & Mollah, 2015",92.17,21.09,BD,2015,PRESERVED_SPECIMEN,NA
"Danio annulosus Kullander, Rahman, Norén & Mollah, 2015",92.25,22.71,BD,2014,PRESERVED_SPECIMEN,NA
"Danio annulosus Kullander, Rahman, Norén & Mollah, 2015",92.25,22.71,BD,2014,PRESERVED_SPECIMEN,NA
"Danio annulosus Kullander, Rahman, Norén & Mollah, 2015",92.25,22.71,BD,2014,PRESERVED_SPECIMEN,NA
"Danio annulosus Kullander, Rahman, Norén & Mollah, 2015",92.247778,22.714167,BD,NA,PRESERVED_SPECIMEN,NA
"Danio annulosus Kullander, Rahman, Norén & Mollah, 2015",92.247778,22.714167,BD,NA,PRESERVED_SPECIMEN,NA
BOLD:ADK7514,92.249,22.714,BD,NA,MATERIAL_SAMPLE,NA
BOLD:ADK7514,92.249,22.714,BD,NA,MATERIAL_SAMPLE,NA
BOLD:ADK7514,92.249,22.714,BD,NA,MATERIAL_SAMPLE,NA
"Danio assamila Kullander, 2015",93.87,26.34,IN,2009,PRESERVED_SPECIMEN,NA
"Danio assamila Kullander, 2015",92.95,25.93,IN,2009,PRESERVED_SPECIMEN,NA
"Danio assamila Kullander, 2015",93.87,26.34,IN,2009,PRESERVED_SPECIMEN,NA
"Danio assamila Kullander, 2015",95.43,27.7,IN,1998,PRESERVED_SPECIMEN,NA
"Danio assamila Kullander, 2015",95.395278,27.63,IN,NA,PRESERVED_SPECIMEN,NA
"Danio assamila Kullander, 2015",93.869167,26.341389,IN,NA,PRESERVED_SPECIMEN,NA
"Danio assamila Kullander, 2015",92.946667,25.928611,IN,NA,PRESERVED_SPECIMEN,NA
"Danio assamila Kullander, 2015",92.946667,25.928611,IN,NA,PRESERVED_SPECIMEN,NA
"Danio assamila Kullander, 2015",95.395278,27.63,IN,NA,PRESERVED_SPECIMEN,NA
"Danio assamila Kullander, 2015",95.395278,27.63,IN,NA,PRESERVED_SPECIMEN,NA
"Danio assamila Kullander, 2015",95.383333,27.616667,IN,NA,PRESERVED_SPECIMEN,NA
"Danio assamila Kullander, 2015",95.395278,27.63,IN,NA,PRESERVED_SPECIMEN,NA
"Danio assamila Kullander, 2015",95.395278,27.63,IN,NA,PRESERVED_SPECIMEN,NA
"Danio assamila Kullander, 2015",93.869167,26.341389,IN,NA,PRESERVED_SPECIMEN,NA
"Danio assamila Kullander, 2015",93.869167,26.341389,IN,NA,PRESERVED_SPECIMEN,NA
"Danio catenatus Kullander, 2015",94.38,18.59,MM,1998,PRESERVED_SPECIMEN,NA
BOLD:ADL5541,94.379,18.594,MM,NA,MATERIAL_SAMPLE,NA
"Danio catenatus Kullander, 2015",94.379167,18.594167,MM,NA,PRESERVED_SPECIMEN,NA
"Danio catenatus Kullander, 2015",94.379167,18.594167,MM,NA,PRESERVED_SPECIMEN,NA
"Danio catenatus Kullander, 2015",94.379167,18.594167,MM,NA,PRESERVED_SPECIMEN,NA
"Danio catenatus Kullander, 2015",94.379167,18.594167,MM,NA,PRESERVED_SPECIMEN,NA
"Danio catenatus Kullander, 2015",94.379167,18.594167,MM,NA,PRESERVED_SPECIMEN,NA
"Danio catenatus Kullander, 2015",94.379167,18.594167,MM,NA,PRESERVED_SPECIMEN,NA
"Danio choprae Hora, 1928",97.34978,27.42975,MM,2011,PRESERVED_SPECIMEN,NA
"Danio choprae Hora, 1928",96.57756,25.04672,MM,2011,PRESERVED_SPECIMEN,NA
"Danio choprae Hora, 1928",96.956247,25.25972,MM,2011,PRESERVED_SPECIMEN,NA
"Danio choprae Hora, 1928",97.462,24.7715,IN,2011,PRESERVED_SPECIMEN,NA
"Danio choprae Hora, 1928",96.95247,25.26072,MM,2011,PRESERVED_SPECIMEN,NA
BOLD:AAJ4330,97.08892,19.901228,MM,2004,MATERIAL_SAMPLE,NA
"Danio choprae Hora, 1928",94.36667,18.66667,MM,1996,PRESERVED_SPECIMEN,NA
"Danio choprai Hora, 1928",94.4,18.65,MM,1996,PRESERVED_SPECIMEN,NA
"Danio choprae Hora, 1928",97.34978,27.42975,MM,2011,PRESERVED_SPECIMEN,NA
"Danio choprae Hora, 1928",96.57756,25.04672,MM,2011,PRESERVED_SPECIMEN,NA
"Danio choprae Hora, 1928",96.956247,25.25972,MM,2011,PRESERVED_SPECIMEN,NA
"Danio choprae Hora, 1928",97.462,24.7715,IN,2011,PRESERVED_SPECIMEN,NA
"Danio choprae Hora, 1928",96.95247,25.26072,MM,2011,PRESERVED_SPECIMEN,NA
BOLD:AAJ4330,97.08892,19.901228,MM,2004,MATERIAL_SAMPLE,NA
"Danio choprae Hora, 1928",94.36667,18.66667,MM,1996,PRESERVED_SPECIMEN,NA
"Danio choprai Hora, 1928",94.4,18.65,MM,1996,PRESERVED_SPECIMEN,NA
"Danio dangila (Hamilton, 1822)",92.751605,24.686497,IN,2025,HUMAN_OBSERVATION,22
"Danio dangila (Hamilton, 1822)",95.19,28.27,IN,2018,PRESERVED_SPECIMEN,NA
"Danio dangila (Hamilton, 1822)",88.83,26.81,IN,2017,PRESERVED_SPECIMEN,NA
"Danio dangila (Hamilton, 1822)",88.83,26.81,IN,2017,PRESERVED_SPECIMEN,NA
"Danio dangila (Hamilton, 1822)",88.83,26.81,IN,2017,PRESERVED_SPECIMEN,NA
"Danio dangila (Hamilton, 1822)",88.83,26.81,IN,2017,PRESERVED_SPECIMEN,NA
BOLD:AAU1054,88.87,27.104,IN,2017,MATERIAL_SAMPLE,NA
BOLD:AAU1054,88.87,27.104,IN,2017,MATERIAL_SAMPLE,NA
BOLD:AAU1054,88.87,27.104,IN,2017,MATERIAL_SAMPLE,NA
"Danio dangila (Hamilton, 1822)",88.87,27.1,IN,2017,PRESERVED_SPECIMEN,NA
"Danio dangila (Hamilton, 1822)",88.87,27.1,IN,2017,PRESERVED_SPECIMEN,NA
"Danio dangila (Hamilton, 1822)",88.87,27.1,IN,2017,PRESERVED_SPECIMEN,NA
BOLD:AAU1054,88.8222,26.8235,IN,2013,MATERIAL_SAMPLE,NA
"Danio dangila (Hamilton, 1822)",88.82,26.82,IN,2013,MATERIAL_SAMPLE,NA
"Danio dangila (Hamilton, 1822)",88.496667,26.594444,IN,2004,PRESERVED_SPECIMEN,NA
"Danio dangila (Hamilton, 1822)",84.066704,28.0333,NP,1996,PRESERVED_SPECIMEN,NA
"Danio dangila (Hamilton, 1822)",80.013647,28.989227,NP,1975,PRESERVED_SPECIMEN,10000
"Danio dangila (Hamilton, 1822)",90.627,26.177,IN,1957,PRESERVED_SPECIMEN,NA
"Danio dangila (Hamilton, 1822)",87.025934,26.629807,NP,1947,PRESERVED_SPECIMEN,29539
"Danio dangila (Hamilton, 1822)",88.561392,26.794276,IN,1938,PRESERVED_SPECIMEN,34646
"Danio dangila (Hamilton, 1822)",85.25197,27.90881,NP,NA,PRESERVED_SPECIMEN,5000
BOLD:AAU1054,81.173004,23.5863,IN,NA,MATERIAL_SAMPLE,NA
"Danio dangila (Hamilton, 1822)",88.428183,26.707821,IN,NA,PRESERVED_SPECIMEN,5062
"Danio dangila (Hamilton, 1822)",91.4,23.5,IN,NA,PRESERVED_SPECIMEN,NA
BOLD:AAU1054,91.4,23.5,IN,NA,MATERIAL_SAMPLE,NA
"Microrasbora erythromicron Annandale, 1918",96.915749,20.547672,MM,1994,PRESERVED_SPECIMEN,9711
"Danio erythromicron (Annandale, 1918)",96.916667,20.55,MM,NA,PRESERVED_SPECIMEN,NA
"Danio erythromicron (Annandale, 1918)",96.916667,20.55,MM,NA,PRESERVED_SPECIMEN,NA
"Danio erythromicron (Annandale, 1918)",96.916667,20.55,MM,NA,PRESERVED_SPECIMEN,NA
"Danio erythromicron (Annandale, 1918)",96.916667,20.55,MM,NA,PRESERVED_SPECIMEN,NA
"Microrasbora erythromicron Annandale, 1918",96.916667,20.55,MM,NA,PRESERVED_SPECIMEN,NA
"Microrasbora erythromicron Annandale, 1918",96.916667,20.55,MM,NA,PRESERVED_SPECIMEN,NA
BOLD:AAG0790,97.08892,19.901228,MM,NA,MATERIAL_SAMPLE,NA
BOLD:AAG0790,97.08892,19.901228,MM,NA,MATERIAL_SAMPLE,NA
BOLD:AAG0790,97.08892,19.901228,MM,NA,MATERIAL_SAMPLE,NA
BOLD:AAG0790,97.08892,19.901228,MM,NA,MATERIAL_SAMPLE,NA
BOLD:AAG0790,97.08892,19.901228,MM,NA,MATERIAL_SAMPLE,NA
BOLD:AAG0790,97.08892,19.901228,MM,NA,MATERIAL_SAMPLE,NA
BOLD:AAG0790,97.08892,19.901228,MM,NA,MATERIAL_SAMPLE,NA
BOLD:AAG0790,97.08892,19.901228,MM,NA,MATERIAL_SAMPLE,NA
BOLD:AAG0790,97.08892,19.901228,MM,NA,MATERIAL_SAMPLE,NA
BOLD:AAG0790,97.08892,19.901228,MM,NA,MATERIAL_SAMPLE,NA
BOLD:AAG0790,97.08892,19.901228,MM,NA,MATERIAL_SAMPLE,NA
BOLD:AAG0790,97.18075,20.789167,MM,NA,MATERIAL_SAMPLE,NA
BOLD:AAG0790,97.18075,20.789167,MM,NA,MATERIAL_SAMPLE,NA
BOLD:AAG0790,97.18075,20.789167,MM,NA,MATERIAL_SAMPLE,NA
"Danio feegradei Hora, 1937",94.28514,18.77836,MM,2009,PRESERVED_SPECIMEN,NA
"Danio feegradei Hora, 1937",94.478565,18.416713,MM,2009,PRESERVED_SPECIMEN,NA
"Danio feegradei Hora, 1937",94.46428,18.31092,MM,2009,PRESERVED_SPECIMEN,NA
"Danio feegradei Hora, 1937",94.49428,18.04547,MM,2009,PRESERVED_SPECIMEN,NA
"Danio feegradei Hora, 1937",94.362778,18.796667,MM,NA,PRESERVED_SPECIMEN,NA
"Danio feegradei Hora, 1937",94.609722,17.648056,MM,NA,PRESERVED_SPECIMEN,NA
"Danio feegradei Hora, 1937",94.507222,18.038056,MM,NA,PRESERVED_SPECIMEN,NA
"Danio flagrans Kullander, 2012",97.36319,27.63403,MM,2011,PRESERVED_SPECIMEN,NA
"Danio flagrans Kullander, 2012",97.38,27.33,MM,1998,PRESERVED_SPECIMEN,NA
"Danio flagrans Kullander, 2012",97.376667,27.328889,MM,NA,PRESERVED_SPECIMEN,NA
"Danio flagrans Kullander, 2012",97.376667,27.328889,MM,NA,PRESERVED_SPECIMEN,NA
"Danio flagrans Kullander, 2012",97.376667,27.328889,MM,NA,PRESERVED_SPECIMEN,NA
"Danio flagrans Kullander, 2012",97.376667,27.328889,MM,NA,PRESERVED_SPECIMEN,NA
"Danio htamanthinus Kullander & Norén, 2016",95.28,25.33,MM,2013,PRESERVED_SPECIMEN,NA
"Danio htamanthinus Kullander & Norén, 2016",95.24,25.33,MM,2013,PRESERVED_SPECIMEN,NA
"Danio htamanthinus Kullander & Norén, 2016",95.2775,25.334444,MM,NA,PRESERVED_SPECIMEN,NA
"Danio kerri Smith, 1931",98.880573,8.685388,TH,2025,HUMAN_OBSERVATION,NA
"Danio kerri Smith, 1931",98.883308,9.922572,TH,2025,HUMAN_OBSERVATION,3
"Danio kerri Smith, 1931",98.471815,9.382848,TH,2024,HUMAN_OBSERVATION,31245
"Danio kerri Smith, 1931",98.326904,7.961533,TH,2024,HUMAN_OBSERVATION,NA
"Danio kerri Smith, 1931",98.309662,7.936277,TH,2024,HUMAN_OBSERVATION,NA
"Danio kerri Smith, 1931",98.657519,10.027158,TH,2022,HUMAN_OBSERVATION,200
"Danio kerri Smith, 1931",98.642748,9.89528,TH,2015,HUMAN_OBSERVATION,200
"Danio kerri Smith, 1931",98.717283,10.150533,TH,2014,PRESERVED_SPECIMEN,NA
"Danio kerri Smith, 1931",98.644017,9.764783,TH,2014,PRESERVED_SPECIMEN,NA
"Danio kerri Smith, 1931",98.6985,9.945556,TH,2012,PRESERVED_SPECIMEN,NA
"Danio kerri Smith, 1931",103.6,10.6,KH,2005,PRESERVED_SPECIMEN,NA
"Danio kerri Smith, 1931",98.8545,10.3759,TH,2001,PRESERVED_SPECIMEN,NA
"Danio kerri Smith, 1931",98.285424,8.3715,TH,1995,PRESERVED_SPECIMEN,1200
"Danio kerri Smith, 1931",98.360013,8.036826,TH,1995,PRESERVED_SPECIMEN,1100
"Danio kerri Smith, 1931",98.322019,7.932459,TH,1995,PRESERVED_SPECIMEN,301
"Danio kerri Smith, 1931",98.363865,8.0277,TH,1995,PRESERVED_SPECIMEN,1100
"Danio kerri Smith, 1931",98.363865,8.0277,TH,1995,PRESERVED_SPECIMEN,1100
"Danio kerri Smith, 1931",98.36327,8.039306,TH,1995,PRESERVED_SPECIMEN,2474
"Danio kerri Smith, 1931",98.56551,8.53546,TH,1970,PRESERVED_SPECIMEN,3100
"Danio kerri Smith, 1931",98.36387,8.0277,TH,1970,PRESERVED_SPECIMEN,291
"Danio kerri Smith, 1931",99.083333,7.55,TH,NA,PRESERVED_SPECIMEN,NA
"Danio kyathit Fang, 1998",97.462,24.7715,IN,2011,PRESERVED_SPECIMEN,NA
"Danio kyathit Fang, 1998",97.3838,25.5355,MM,1997,PRESERVED_SPECIMEN,NA
"Danio kyathit Fang, 1998",97.388889,25.535556,MM,NA,PRESERVED_SPECIMEN,NA
"Danio kyathit Fang, 1998",97.388889,25.535556,MM,NA,PRESERVED_SPECIMEN,NA
"Danio kyathit Fang, 1998",97.388889,25.535556,MM,NA,PRESERVED_SPECIMEN,NA
"Danio kyathit Fang, 1998",97.388889,25.535556,MM,NA,PRESERVED_SPECIMEN,NA
"Danio kyathit Fang, 1998",97.379167,25.526667,MM,NA,PRESERVED_SPECIMEN,NA
"Danio kyathit Fang, 1998",97.388889,25.535556,MM,NA,PRESERVED_SPECIMEN,NA
"Danio kyathit Fang, 1998",97.383833,25.5355,MM,NA,PRESERVED_SPECIMEN,NA
"Danio kyathit Fang, 1998",97.38389,25.53556,MM,NA,PRESERVED_SPECIMEN,NA
"Danio kyathit Fang, 1998",97.3839,25.5356,MM,NA,PRESERVED_SPECIMEN,NA
"Danio margaritatus (Roberts, 2007)",97.21,20.47,MM,2008,PRESERVED_SPECIMEN,NA
"Celestichthys margaritatus Roberts, 2007",97.173177,20.794767,MM,2006,PRESERVED_SPECIMEN,8256
"Danio margaritatus (Roberts, 2007)",97.203611,20.470556,MM,NA,PRESERVED_SPECIMEN,NA
"Danio margaritatus (Roberts, 2007)",97.203611,20.470556,MM,NA,PRESERVED_SPECIMEN,NA
"Danio margaritatus (Roberts, 2007)",97.205,20.473333,MM,NA,PRESERVED_SPECIMEN,NA
"Danio margaritatus (Roberts, 2007)",97.217222,20.434722,MM,NA,PRESERVED_SPECIMEN,NA
"Danio margaritatus (Roberts, 2007)",97.205,20.473333,MM,NA,PRESERVED_SPECIMEN,NA
"Danio margaritatus (Roberts, 2007)",97.205,20.473333,MM,NA,PRESERVED_SPECIMEN,NA
BOLD:AAU2161,97.08892,19.901228,MM,NA,MATERIAL_SAMPLE,NA
BOLD:AAU2161,97.08892,19.901228,MM,NA,MATERIAL_SAMPLE,NA
BOLD:AAU2161,97.08892,19.901228,MM,NA,MATERIAL_SAMPLE,NA
BOLD:AAU2161,97.08892,19.901228,MM,NA,MATERIAL_SAMPLE,NA
BOLD:AAU2161,97.08892,19.901228,MM,NA,MATERIAL_SAMPLE,NA
BOLD:AAU2161,97.251,24.73,MM,NA,MATERIAL_SAMPLE,NA
BOLD:AAU2161,97.08892,19.901228,MM,NA,MATERIAL_SAMPLE,NA
BOLD:AAU2161,97.18075,20.789167,MM,NA,MATERIAL_SAMPLE,NA
BOLD:AAU2161,97.18075,20.789167,MM,NA,MATERIAL_SAMPLE,NA
BOLD:AAU2161,97.18075,20.789167,MM,NA,MATERIAL_SAMPLE,NA
BOLD:AAU2434,81.173004,23.5863,IN,NA,MATERIAL_SAMPLE,NA
BOLD:AAU2434,81.173004,23.5863,IN,NA,MATERIAL_SAMPLE,NA
"Danio nigrofasciatus (Day, 1870)",96.452933,16.52217,MM,2024,HUMAN_OBSERVATION,10
"Danio nigrofasciatus (Day, 1870)",96.047858,17.103458,MM,2023,HUMAN_OBSERVATION,3
"Danio nigrofasciatus (Day, 1870)",96.043307,17.100523,MM,2023,HUMAN_OBSERVATION,6
"Danio nigrofasciatus (Day, 1870)",96.453163,16.522278,MM,2022,HUMAN_OBSERVATION,4
"Danio nigrofasciatus (Day, 1870)",97.12186,17.28814,MM,2015,PRESERVED_SPECIMEN,NA
"Danio nigrofasciatus (Day, 1870)",97.85139,16.22331,MM,2015,PRESERVED_SPECIMEN,NA
"Danio nigrofasciatus (Day, 1870)",98.27528,13.86506,MM,2015,PRESERVED_SPECIMEN,NA
"Danio nigrofasciatus (Day, 1870)",95.99342,17.03942,MM,2009,PRESERVED_SPECIMEN,NA
"Danio nigrofasciatus (Day, 1870)",94.94003,17.47228,MM,2009,PRESERVED_SPECIMEN,NA
"Danio nigrofasciatus (Day, 1870)",96.66378,17.80444,MM,2008,PRESERVED_SPECIMEN,NA
"Danio nigrofasciatus (Day, 1870)",95.685667,18.25025,MM,2007,PRESERVED_SPECIMEN,NA
"Danio nigrofasciatus (Day, 1870)",96.9244,17.4283,MM,2003,PRESERVED_SPECIMEN,NA
"Danio nigrofasciatus (Day, 1870)",94.93333,17.38333,MM,1996,PRESERVED_SPECIMEN,NA
"Danio nigrofasciatus (Day, 1870)",96.78333,17.8,MM,1996,PRESERVED_SPECIMEN,NA
"Brachydanio nigrofasciatus (Day, 1870)",96.160916,16.938906,MM,1940,PRESERVED_SPECIMEN,10728
"Brachydanio nigrofasciatus (Day, 1870)",96.156111,16.805278,MM,1937,PRESERVED_SPECIMEN,17436
"Danio nigrofasciatus (Day, 1870)",96.456111,17.225556,MM,NA,PRESERVED_SPECIMEN,NA
"Danio nigrofasciatus (Day, 1870)",96.58,17.635556,MM,NA,PRESERVED_SPECIMEN,NA
"Danio nigrofasciatus (Day, 1870)",96.533611,17.505833,MM,NA,PRESERVED_SPECIMEN,NA
"Danio nigrofasciatus (Day, 1870)",96.456111,17.225556,MM,NA,PRESERVED_SPECIMEN,NA
"Danio nigrofasciatus (Day, 1870)",96.456111,17.225556,MM,NA,PRESERVED_SPECIMEN,NA
"Danio nigrofasciatus (Day, 1870)",95.91,17.388611,MM,NA,PRESERVED_SPECIMEN,NA
"Danio nigrofasciatus (Day, 1870)",96.284444,19.236944,MM,NA,PRESERVED_SPECIMEN,NA
"Danio nigrofasciatus (Day, 1870)",98.2,14.133333,MM,NA,PRESERVED_SPECIMEN,NA
"Danio nigrofasciatus (Day, 1870)",96.531389,17.452222,MM,NA,PRESERVED_SPECIMEN,NA
"Danio nigrofasciatus (Day, 1870)",95.91,17.388611,MM,NA,PRESERVED_SPECIMEN,NA
"Danio nigrofasciatus (Day, 1870)",95.91,17.388611,MM,NA,PRESERVED_SPECIMEN,NA
"Danio nigrofasciatus (Day, 1870)",95.91,17.388611,MM,NA,PRESERVED_SPECIMEN,NA
"Danio nigrofasciatus (Day, 1870)",96.357778,19.124444,MM,NA,PRESERVED_SPECIMEN,NA
"Danio nigrofasciatus (Day, 1870)",96.8825,17.5175,MM,NA,PRESERVED_SPECIMEN,NA
"Danio nigrofasciatus (Day, 1870)",96.8825,17.5175,MM,NA,PRESERVED_SPECIMEN,NA
"Danio nigrofasciatus (Day, 1870)",96.531389,17.452222,MM,NA,PRESERVED_SPECIMEN,NA
"Danio nigrofasciatus (Day, 1870)",96.531389,17.452222,MM,NA,PRESERVED_SPECIMEN,NA
"Danio nigrofasciatus (Day, 1870)",95.91,17.388611,MM,NA,PRESERVED_SPECIMEN,NA
"Danio nigrofasciatus (Day, 1870)",95.91,17.388611,MM,NA,PRESERVED_SPECIMEN,NA
"Danio nigrofasciatus (Day, 1870)",95.91,17.388611,MM,NA,PRESERVED_SPECIMEN,NA
"Danio nigrofasciatus (Day, 1870)",95.91,17.388611,MM,NA,PRESERVED_SPECIMEN,NA
"Danio nigrofasciatus (Day, 1870)",95.91,17.388611,MM,NA,PRESERVED_SPECIMEN,NA
"Danio nigrofasciatus (Day, 1870)",95.91,17.388611,MM,NA,PRESERVED_SPECIMEN,NA
"Danio nigrofasciatus (Day, 1870)",95.91,17.388611,MM,NA,PRESERVED_SPECIMEN,NA
"Danio nigrofasciatus (Day, 1870)",95.91,17.388611,MM,NA,PRESERVED_SPECIMEN,NA
"Danio nigrofasciatus (Day, 1870)",95.91,17.388611,MM,NA,PRESERVED_SPECIMEN,NA
"Danio nigrofasciatus (Day, 1870)",96.924444,17.428333,MM,NA,PRESERVED_SPECIMEN,NA
"Danio nigrofasciatus (Day, 1870)",96.667222,17.802778,MM,NA,PRESERVED_SPECIMEN,NA
"Danio nigrofasciatus (Day, 1870)",96.667222,17.802778,MM,NA,PRESERVED_SPECIMEN,NA
"Danio nigrofasciatus (Day, 1870)",96.667222,17.802778,MM,NA,PRESERVED_SPECIMEN,NA
"Danio nigrofasciatus (Day, 1870)",96.667222,17.802778,MM,NA,PRESERVED_SPECIMEN,NA
"Danio nigrofasciatus (Day, 1870)",96.667222,17.802778,MM,NA,PRESERVED_SPECIMEN,NA
"Danio nigrofasciatus (Day, 1870)",96.667222,17.802778,MM,NA,PRESERVED_SPECIMEN,NA
"Danio nigrofasciatus (Day, 1870)",96.667222,17.802778,MM,NA,PRESERVED_SPECIMEN,NA
"Danio nigrofasciatus (Day, 1870)",96.667222,17.802778,MM,NA,PRESERVED_SPECIMEN,NA
"Danio nigrofasciatus (Day, 1870)",97.493333,16.967778,MM,NA,PRESERVED_SPECIMEN,NA
"Danio nigrofasciatus (Day, 1870)",96.579444,17.59,MM,NA,PRESERVED_SPECIMEN,NA
"Danio nigrofasciatus (Day, 1870)",96.579444,17.59,MM,NA,PRESERVED_SPECIMEN,NA
"Danio nigrofasciatus (Day, 1870)",96.579444,17.59,MM,NA,PRESERVED_SPECIMEN,NA
"Danio nigrofasciatus (Day, 1870)",96.579444,17.59,MM,NA,PRESERVED_SPECIMEN,NA
"Danio nigrofasciatus (Day, 1870)",96.579444,17.59,MM,NA,PRESERVED_SPECIMEN,NA
"Danio nigrofasciatus (Day, 1870)",96.579444,17.59,MM,NA,PRESERVED_SPECIMEN,NA
"Danio nigrofasciatus (Day, 1870)",96.579444,17.59,MM,NA,PRESERVED_SPECIMEN,NA
"Danio rerio (Hamilton, 1822)",79.009611,29.407855,IN,2025,HUMAN_OBSERVATION,51
"Danio rerio (Hamilton, 1822)",79.009655,29.408203,IN,2025,HUMAN_OBSERVATION,NA
"Danio rerio (Hamilton, 1822)",92.751605,24.686497,IN,2025,HUMAN_OBSERVATION,22
"Danio rerio (Hamilton, 1822)",77.972209,30.283448,IN,2025,HUMAN_OBSERVATION,4
"Danio rerio (Hamilton, 1822)",79.009206,29.407976,IN,2025,HUMAN_OBSERVATION,NA
"Danio rerio (Hamilton, 1822)",75.531829,13.145407,IN,2025,HUMAN_OBSERVATION,31045
"Danio rerio (Hamilton, 1822)",79.008712,29.406919,IN,2025,HUMAN_OBSERVATION,NA
"Danio rerio (Hamilton, 1822)",77.975571,30.283993,IN,2025,HUMAN_OBSERVATION,NA
"Danio rerio (Hamilton, 1822)",76.948462,31.890493,IN,2024,HUMAN_OBSERVATION,1079
"Danio rerio (Hamilton, 1822)",128.191894,26.732442,JP,2024,HUMAN_OBSERVATION,29
"Danio rerio (Hamilton, 1822)",79.868953,20.612318,IN,2024,HUMAN_OBSERVATION,28
"Danio rerio (Hamilton, 1822)",77.973712,30.28659,IN,2024,HUMAN_OBSERVATION,227
"Danio rerio (Hamilton, 1822)",1.785365,41.227512,ES,2024,HUMAN_OBSERVATION,4
"Danio rerio (Hamilton, 1822)",-104.858193,21.427144,MX,2024,HUMAN_OBSERVATION,214
"Danio rerio (Hamilton, 1822)",83.161112,19.903575,IN,2024,HUMAN_OBSERVATION,NA
"Danio rerio (Hamilton, 1822)",91.896043,25.325575,IN,2024,HUMAN_OBSERVATION,231
"Danio rerio (Hamilton, 1822)",83.161455,19.905256,IN,2024,HUMAN_OBSERVATION,53
"Danio rerio (Hamilton, 1822)",120.081575,30.202715,CN,2024,HUMAN_OBSERVATION,NA
"Danio rerio (Hamilton, 1822)",80.131693,17.364915,IN,2024,HUMAN_OBSERVATION,4563
"Danio rerio (Hamilton, 1822)",74.777045,14.64502,IN,2024,HUMAN_OBSERVATION,NA
"Danio rerio (Hamilton, 1822)",74.766803,14.660272,IN,2024,HUMAN_OBSERVATION,NA
"Danio rerio (Hamilton, 1822)",75.100855,13.607851,IN,2023,HUMAN_OBSERVATION,2108
"Danio rerio (Hamilton, 1822)",77.973888,30.286879,IN,2023,HUMAN_OBSERVATION,19
"Danio rerio (Hamilton, 1822)",88.129191,25.629758,IN,2022,HUMAN_OBSERVATION,48
BOLD:AAE3739,80.2121,13.124,IN,2022,MATERIAL_SAMPLE,NA
"Danio rerio (Hamilton, 1822)",82.556456,19.493047,IN,2022,HUMAN_OBSERVATION,1806
"Danio rerio (Hamilton, 1822)",74.759065,14.733658,IN,2022,HUMAN_OBSERVATION,5
"Danio rerio (Hamilton, 1822)",176.236666,-38.045307,NZ,2021,HUMAN_OBSERVATION,28300
"Danio rerio (Hamilton, 1822)",85.4,22.77,IN,2021,PRESERVED_SPECIMEN,NA
BOLD:AAE3739,85.397,22.77,IN,2021,MATERIAL_SAMPLE,NA
"Danio rerio (Hamilton, 1822)",150.45642,-33.705,AU,2021,MATERIAL_SAMPLE,NA
"Danio rerio (Hamilton, 1822)",151.3333,-33.3731,AU,2021,MATERIAL_SAMPLE,NA
"Danio rerio (Hamilton, 1822)",151.2917,-33.2644,AU,2021,MATERIAL_SAMPLE,NA
"Danio rerio (Hamilton, 1822)",75.649065,12.478245,IN,2021,HUMAN_OBSERVATION,31081
BOLD:AAE3739,80.8797,17.7434,IN,2020,MATERIAL_SAMPLE,NA
BOLD:AAE3739,79.0631,19.0538,IN,2020,MATERIAL_SAMPLE,NA
"Danio rerio (Hamilton, 1822)",90.4,23.73,BD,2019,PRESERVED_SPECIMEN,NA
BOLD:AAE3739,90.40221,23.725449,BD,2019,MATERIAL_SAMPLE,NA
"Danio rerio (Hamilton, 1822)",81.216118,28.387096,NP,2019,HUMAN_OBSERVATION,5
"Danio rerio (Hamilton, 1822)",81.216118,28.387096,NP,2019,HUMAN_OBSERVATION,5
BOLD:AAE3739,78.38,16.16,IN,2019,MATERIAL_SAMPLE,NA
"Danio rerio (Hamilton, 1822)",78.38,16.16,IN,2019,PRESERVED_SPECIMEN,NA
"Danio rerio (Hamilton, 1822)",86.87825,23.062203,IN,2019,HUMAN_OBSERVATION,7345
"Danio rerio (Hamilton, 1822)",-76.55515,3.25324,CO,2019,HUMAN_OBSERVATION,NA
"Danio rerio (Hamilton, 1822)",115.28455,-29.89748,AU,2019,MATERIAL_SAMPLE,NA
"Danio rerio (Hamilton, 1822)",86.998761,22.989585,IN,2019,HUMAN_OBSERVATION,9
"Danio rerio (Hamilton, 1822)",81.02,17.7,IN,2019,PRESERVED_SPECIMEN,NA
BOLD:AAE3739,81.0185,17.6995,IN,2019,MATERIAL_SAMPLE,NA
"Danio rerio (Hamilton, 1822)",147.307337,-42.865754,AU,2019,MATERIAL_SAMPLE,NA
"Danio rerio (Hamilton, 1822)",147.335685,-42.892565,AU,2019,MATERIAL_SAMPLE,NA
"Danio rerio (Hamilton, 1822)",147.319076,-42.884624,AU,2019,MATERIAL_SAMPLE,NA
"Danio rerio (Hamilton, 1822)",147.387737,-42.87941,AU,2019,MATERIAL_SAMPLE,NA
"Danio rerio (Hamilton, 1822)",147.301169,-42.877276,AU,2019,MATERIAL_SAMPLE,NA
"Danio rerio (Hamilton, 1822)",76.142428,11.859176,IN,2017,HUMAN_OBSERVATION,5000
BOLD:AAE3739,81.17337,28.540833,NP,2017,MATERIAL_SAMPLE,NA
"Danio rerio (Hamilton, 1822)",81.17,28.54,NP,2017,MATERIAL_SAMPLE,NA
"Danio rerio (Hamilton, 1822)",145.648828,-37.800879,AU,2017,MATERIAL_SAMPLE,NA
"Danio rerio (Hamilton, 1822)",145.648857,-37.801186,AU,2017,MATERIAL_SAMPLE,NA
"Danio rerio (Hamilton, 1822)",144.914459,-38.485464,AU,2017,MATERIAL_SAMPLE,NA
"Danio rerio (Hamilton, 1822)",-99.041111,18.578611,MX,2016,PRESERVED_SPECIMEN,NA
"Danio rerio (Hamilton, 1822)",-5.984459,37.389092,ES,2016,HUMAN_OBSERVATION,NA
BOLD:AAE3739,89.56,22.82,BD,2016,MATERIAL_SAMPLE,NA
"Danio rerio (Hamilton, 1822)",89.56,22.82,BD,2016,PRESERVED_SPECIMEN,NA
BOLD:AAE3739,90.54,23.54,BD,2016,MATERIAL_SAMPLE,NA
BOLD:AAE3739,90.42,24.75,BD,2016,MATERIAL_SAMPLE,NA
"Danio rerio (Hamilton, 1822)",90.42,24.75,BD,2016,PRESERVED_SPECIMEN,NA
"Danio rerio (Hamilton, 1822)",90.54,23.54,BD,2016,PRESERVED_SPECIMEN,NA
BOLD:AAE3739,89.99,23.39,BD,2016,MATERIAL_SAMPLE,NA
"Danio rerio (Hamilton, 1822)",89.99,23.39,BD,2016,PRESERVED_SPECIMEN,NA
BOLD:AAE3739,73.871,16.553,IN,2015,MATERIAL_SAMPLE,NA
"Danio rerio (Hamilton, 1822)",73.87,16.55,IN,2015,PRESERVED_SPECIMEN,NA
"Danio rerio (Hamilton, 1822)",91.82,24.34,BD,2015,PRESERVED_SPECIMEN,NA
"Danio rerio (Hamilton, 1822)",-99.041111,18.578611,MX,2015,PRESERVED_SPECIMEN,NA
"Danio rerio (Hamilton, 1822)",92.06,21.27,BD,2015,PRESERVED_SPECIMEN,NA
"Danio rerio (Hamilton, 1822)",91.8,22.79,BD,2015,PRESERVED_SPECIMEN,NA
"Danio rerio (Hamilton, 1822)",92.12,22.25,BD,2015,PRESERVED_SPECIMEN,NA
"Danio rerio (Hamilton, 1822)",92.16,22.31,BD,2015,PRESERVED_SPECIMEN,NA
BOLD:AAE3739,88.8222,26.8235,IN,2015,MATERIAL_SAMPLE,NA
"Danio rerio (Hamilton, 1822)",88.82,26.82,IN,2015,MATERIAL_SAMPLE,NA
"Danio rerio (Hamilton, 1822)",-99.041111,18.578611,MX,2015,PRESERVED_SPECIMEN,NA
"Danio rerio (Hamilton, 1822)",146.683175,-43.097637,AU,2015,MATERIAL_SAMPLE,NA
"Danio rerio (Hamilton, 1822)",146.807225,-43.167701,AU,2015,MATERIAL_SAMPLE,NA
"Danio rerio (Hamilton, 1822)",-99.041111,18.578611,MX,2015,PRESERVED_SPECIMEN,NA
"Danio rerio (Hamilton, 1822)",-99.3775,18.701111,MX,2015,PRESERVED_SPECIMEN,NA
"Danio rerio (Hamilton, 1822)",150.265414,-33.659823,AU,2014,MATERIAL_SAMPLE,NA
"Danio rerio (Hamilton, 1822)",90.66,25.19,BD,2014,PRESERVED_SPECIMEN,NA
"Danio rerio (Hamilton, 1822)",149.01165,-35.874817,AU,2014,MATERIAL_SAMPLE,NA
"Danio rerio (Hamilton, 1822)",91.78,22.47,BD,2014,PRESERVED_SPECIMEN,NA
"Danio rerio (Hamilton, 1822)",91.78,22.47,BD,2014,PRESERVED_SPECIMEN,NA
"Danio rerio (Hamilton, 1822)",146.8927,-42.27154,AU,2014,MATERIAL_SAMPLE,NA
"Danio rerio (Hamilton, 1822)",149.0083,-35.881100000000004,AU,2014,MATERIAL_SAMPLE,NA
"Danio rerio (Hamilton, 1822)",138.0327,-32.82851,AU,2013,MATERIAL_SAMPLE,NA
BOLD:AAE3739,114.26,22.59,CN,2013,MATERIAL_SAMPLE,NA
"Danio rerio (Hamilton, 1822)",114.26,22.59,CN,2013,PRESERVED_SPECIMEN,NA
"Danio rerio (Hamilton, 1822)",83.963062,28.203681,NP,2013,HUMAN_OBSERVATION,10
"Danio rerio (Hamilton, 1822)",145.447217,-16.102983,AU,2013,MATERIAL_SAMPLE,NA
"Danio rerio (Hamilton, 1822)",75.41964,12.852353,IN,2013,HUMAN_OBSERVATION,34758
"Danio rerio (Hamilton, 1822)",3.22654,42.0406,ES,2012,HUMAN_OBSERVATION,100
"Danio rerio (Hamilton, 1822)",150.753682,-35.15369,AU,2012,MATERIAL_SAMPLE,NA
BOLD:AAE3739,72.5,18.565,IN,2010,MATERIAL_SAMPLE,NA
BOLD:AAE3739,72.5,18.565,IN,2010,MATERIAL_SAMPLE,NA
BOLD:AAE3739,72.5,18.565,IN,2010,MATERIAL_SAMPLE,NA
BOLD:AAE3739,72.5,18.565,IN,2010,MATERIAL_SAMPLE,NA
"Danio rerio (Hamilton, 1822)",72.5,18.57,IN,2010,PRESERVED_SPECIMEN,NA
"Danio rerio (Hamilton, 1822)",72.5,18.57,IN,2010,PRESERVED_SPECIMEN,NA
"Danio rerio (Hamilton, 1822)",72.5,18.57,IN,2010,PRESERVED_SPECIMEN,NA
"Danio rerio (Hamilton, 1822)",72.5,18.57,IN,2010,PRESERVED_SPECIMEN,NA
"Danio rerio (Hamilton, 1822)",151.286,-33.8438,AU,2010,HUMAN_OBSERVATION,100
"Danio rerio (Hamilton, 1822)",88.162306,26.645972,NP,2008,PRESERVED_SPECIMEN,NA
"Danio rerio (Hamilton, 1822)",88.137,26.65075,NP,2008,PRESERVED_SPECIMEN,NA
"Danio rerio (Hamilton, 1822)",81.75775,28.159111,NP,2008,PRESERVED_SPECIMEN,NA
"Danio rerio (Hamilton, 1822)",81.275111,28.633222,NP,2008,PRESERVED_SPECIMEN,NA
"Danio rerio (Hamilton, 1822)",81.323278,28.500361,NP,2008,PRESERVED_SPECIMEN,NA
"Danio rerio (Hamilton, 1822)",87.488472,26.65825,NP,2008,PRESERVED_SPECIMEN,NA
"Danio rerio (Hamilton, 1822)",87.446389,26.658806,NP,2008,PRESERVED_SPECIMEN,NA
"Danio rerio (Hamilton, 1822)",81.417417,28.370944,NP,2008,PRESERVED_SPECIMEN,NA
"Danio rerio (Hamilton, 1822)",87.408139,26.662889,NP,2008,PRESERVED_SPECIMEN,NA
"Danio rerio (Hamilton, 1822)",87.937306,26.641833,NP,2008,PRESERVED_SPECIMEN,NA
"Danio rerio (Hamilton, 1822)",87.956139,26.640692,NP,2008,PRESERVED_SPECIMEN,NA
"Danio rerio (Hamilton, 1822)",81.7095,28.198056,NP,2008,PRESERVED_SPECIMEN,NA
"Danio rerio (Hamilton, 1822)",81.799361,28.124639,NP,2008,PRESERVED_SPECIMEN,NA
"Danio rerio (Hamilton, 1822)",84.496389,27.572417,NP,2008,PRESERVED_SPECIMEN,NA
"Danio rerio (Hamilton, 1822)",84.478877,27.595488,NP,2008,PRESERVED_SPECIMEN,10000
"Danio rerio (Hamilton, 1822)",84.532667,27.618417,NP,2008,PRESERVED_SPECIMEN,NA
"Danio rerio (Hamilton, 1822)",91.783139,22.473833,BD,2007,PRESERVED_SPECIMEN,NA
"Danio rerio (Hamilton, 1822)",90.42783,24.72611,BD,2007,PRESERVED_SPECIMEN,NA
"Danio rerio (Hamilton, 1822)",91.76647,22.47383,BD,2007,PRESERVED_SPECIMEN,NA
"Danio rerio (Hamilton, 1822)",-104.849998,21.472099,MX,2006,PRESERVED_SPECIMEN,80
"Brachydanio rerio (Hamilton, 1822)",88.433056,26.996389,IN,2004,PRESERVED_SPECIMEN,NA
"Danio rerio (Hamilton, 1822)",89.863889,26.513333,IN,2004,PRESERVED_SPECIMEN,NA
"Danio rerio (Hamilton, 1822)",88.708889,26.545,IN,2004,PRESERVED_SPECIMEN,NA
"Danio rerio (Hamilton, 1822)",88.386944,26.830556,IN,2004,PRESERVED_SPECIMEN,NA
"Danio rerio (Hamilton, 1822)",88.242778,26.8225,IN,2004,PRESERVED_SPECIMEN,NA
"Danio frankei (Meinken, 1963)",-42.35,-21.016667,BR,2003,PRESERVED_SPECIMEN,NA
"Danio rerio (Hamilton, 1822)",-42.333332,-21.066668,BR,2001,PRESERVED_SPECIMEN,NA
"Danio rerio (Hamilton, 1822)",88.369722,22.569722,IN,2000,PRESERVED_SPECIMEN,11631
"Danio rerio (Hamilton, 1822)",94.86,27.34,IN,1998,PRESERVED_SPECIMEN,NA
"Danio rerio (Hamilton, 1822)",80.255,28.9517,NP,1996,PRESERVED_SPECIMEN,NA
"Danio rerio (Hamilton, 1822)",86.934998,26.525,NP,1996,PRESERVED_SPECIMEN,NA
"Danio rerio (Hamilton, 1822)",80.1233,28.9167,NP,1996,PRESERVED_SPECIMEN,NA
"Danio rerio (Hamilton, 1822)",80.199997,28.7167,NP,1996,PRESERVED_SPECIMEN,NA
"Danio rerio (Hamilton, 1822)",80.900002,28.700001,NP,1996,PRESERVED_SPECIMEN,NA
"Danio rerio (Hamilton, 1822)",83.91985,27.448006,NP,1996,PRESERVED_SPECIMEN,NA
"Danio rerio (Hamilton, 1822)",83.912008,27.444719,NP,1996,PRESERVED_SPECIMEN,NA
"Danio rerio (Hamilton, 1822)",79.920201,24.833721,IN,1996,PRESERVED_SPECIMEN,5097
"Danio rerio (Hamilton, 1822)",91.912387,23.36631,BD,1996,PRESERVED_SPECIMEN,24769
"Danio rerio (Hamilton, 1822)",84.432561,27.710644,NP,1996,PRESERVED_SPECIMEN,NA
"Danio rerio (Hamilton, 1822)",88.1017,26.5383,NP,1996,PRESERVED_SPECIMEN,NA
"Danio rerio (Hamilton, 1822)",87.411697,26.66,NP,1996,PRESERVED_SPECIMEN,NA
"Danio rerio (Hamilton, 1822)",86.931702,26.74,NP,1996,PRESERVED_SPECIMEN,NA
"Danio rerio (Hamilton, 1822)",87.870003,26.6583,NP,1996,PRESERVED_SPECIMEN,NA
"Danio rerio (Hamilton, 1822)",92.036857,23.105017,BD,1996,PRESERVED_SPECIMEN,7841
"Danio rerio (Hamilton, 1822)",80.864431,25.159,IN,1995,PRESERVED_SPECIMEN,680
"Danio rerio (Hamilton, 1822)",78.131258,30.178188,IN,1995,PRESERVED_SPECIMEN,2992
"Danio rerio (Hamilton, 1822)",78.131258,30.178188,IN,1995,PRESERVED_SPECIMEN,2992
"Danio rerio (Hamilton, 1822)",-106.62725,35.820024,US,1990,HUMAN_OBSERVATION,45
"Brachydanio rerio (Hamilton, 1822)",76.781901,12.397941,IN,1985,PRESERVED_SPECIMEN,24415
"Danio rerio (Hamilton, 1822)",76.781901,12.397941,IN,1985,PRESERVED_SPECIMEN,24415
"Danio rerio (Hamilton, 1822)",83.674821,19.227426,IN,1985,PRESERVED_SPECIMEN,1890
"Danio rerio (Hamilton, 1822)",83.923276,20.839189,IN,1985,PRESERVED_SPECIMEN,3605
"Danio rerio (Hamilton, 1822)",83.8804,21.541578,IN,1985,PRESERVED_SPECIMEN,48089
"Danio rerio (Hamilton, 1822)",84.884881,19.517998,IN,1985,PRESERVED_SPECIMEN,2046
"Brachydanio rerio (Hamilton, 1822)",89.083333,25.7,BD,1978,PRESERVED_SPECIMEN,NA
"Brachydanio rerio (Hamilton, 1822)",88.333333,26.483333,BD,1978,PRESERVED_SPECIMEN,NA
"Brachydanio rerio (Hamilton, 1822)",88.483333,26.466667,BD,1978,PRESERVED_SPECIMEN,NA
"Danio rerio (Hamilton, 1822)",-82.377628,27.846191,US,1978,PRESERVED_SPECIMEN,NA
"Brachydanio rerio (Hamilton, 1822)",92.05,22.633333,BD,1977,PRESERVED_SPECIMEN,NA
"Brachydanio rerio (Hamilton, 1822)",92.2,22.216667,BD,1977,PRESERVED_SPECIMEN,NA
"Danio rerio (Hamilton, 1822)",84.174043,27.551254,NP,1975,PRESERVED_SPECIMEN,5000
"Danio rerio (Hamilton, 1822)",84.267885,27.66057,NP,1975,PRESERVED_SPECIMEN,10000
"Danio rerio (Hamilton, 1822)",85.025161,27.022616,NP,1975,PRESERVED_SPECIMEN,1000
"Danio rerio (Hamilton, 1822)",93.16,26.57,IN,1957,PRESERVED_SPECIMEN,NA
"Danio rerio (Hamilton, 1822)",90.627,26.177,IN,1957,PRESERVED_SPECIMEN,NA
"Danio rerio (Hamilton, 1822)",90.627,26.177,IN,1957,PRESERVED_SPECIMEN,NA
"Danio rerio (Hamilton, 1822)",90.627,26.177,IN,1957,PRESERVED_SPECIMEN,NA
"Danio rerio (Hamilton, 1822)",74.71,14.35,IN,1956,PRESERVED_SPECIMEN,NA
"Danio rerio (Hamilton, 1822)",91.267,25.519,IN,1956,PRESERVED_SPECIMEN,NA
"Danio rerio (Hamilton, 1822)",81.11,28.29,IN,1956,PRESERVED_SPECIMEN,NA
"Danio rerio (Hamilton, 1822)",77.71,30.43,IN,1956,PRESERVED_SPECIMEN,NA
"Danio rerio (Hamilton, 1822)",91.267,25.519,IN,1956,PRESERVED_SPECIMEN,NA
"Danio rerio (Hamilton, 1822)",74.54,14.34,IN,1955,PRESERVED_SPECIMEN,NA
"Danio rerio (Hamilton, 1822)",85.1,24.083333,IN,1949,PRESERVED_SPECIMEN,NA
"Danio rerio (Hamilton, 1822)",87.025934,26.629807,NP,1947,PRESERVED_SPECIMEN,29539
"Brachydanio rerio (Hamilton, 1822)",81.79875,21.770021,IN,1940,PRESERVED_SPECIMEN,1573
"Danio rerio (Hamilton, 1822)",81.79875,21.770021,IN,1940,PRESERVED_SPECIMEN,1573
"Danio rerio (Hamilton, 1822)",81.79875,21.770021,IN,1940,PRESERVED_SPECIMEN,1573
"Brachydanio rerio (Hamilton, 1822)",88.561392,26.794276,IN,1938,PRESERVED_SPECIMEN,34646
"Danio rerio (Hamilton, 1822)",88.344523,22.787211,IN,1937,PRESERVED_SPECIMEN,4357
"Danio rerio (Hamilton, 1822)",81.79875,21.770021,IN,1930,PRESERVED_SPECIMEN,1573
"Danio rerio (Hamilton, 1822)",76.649722,12.307222,IN,NA,PRESERVED_SPECIMEN,NA
"Danio rerio (Hamilton, 1822)",88.830278,22.9675,IN,NA,PRESERVED_SPECIMEN,NA
"Danio rerio (Hamilton, 1822)",87.531667,24.235278,IN,NA,PRESERVED_SPECIMEN,NA
"Danio rerio (Hamilton, 1822)",86.953056,24.189167,IN,NA,PRESERVED_SPECIMEN,NA
"Danio rerio (Hamilton, 1822)",95.365278,27.211389,IN,NA,PRESERVED_SPECIMEN,NA
"Danio rerio (Hamilton, 1822)",94.864444,27.335278,IN,NA,PRESERVED_SPECIMEN,NA
"Danio rerio (Hamilton, 1822)",87.059167,24.671667,IN,NA,PRESERVED_SPECIMEN,NA
"Danio rerio (Hamilton, 1822)",86.918056000000007,24.221389,IN,NA,PRESERVED_SPECIMEN,NA
"Danio rerio (Hamilton, 1822)",88.830278,22.9675,IN,NA,PRESERVED_SPECIMEN,NA
"Danio rerio (Hamilton, 1822)",88.830278,22.9675,IN,NA,PRESERVED_SPECIMEN,NA
"Danio rerio (Hamilton, 1822)",87.531667,24.235278,IN,NA,PRESERVED_SPECIMEN,NA
"Danio rerio (Hamilton, 1822)",87.531667,24.235278,IN,NA,PRESERVED_SPECIMEN,NA
"Danio rerio (Hamilton, 1822)",94.864444,27.335278,IN,NA,PRESERVED_SPECIMEN,NA
"Danio rerio (Hamilton, 1822)",94.864444,27.335278,IN,NA,PRESERVED_SPECIMEN,NA
"Danio rerio (Hamilton, 1822)",86.953056,24.189167,IN,NA,PRESERVED_SPECIMEN,NA
"Danio rerio (Hamilton, 1822)",86.953056,24.189167,IN,NA,PRESERVED_SPECIMEN,NA
"Danio rerio (Hamilton, 1822)",86.953056,24.189167,IN,NA,PRESERVED_SPECIMEN,NA
"Danio rerio (Hamilton, 1822)",86.953056,24.189167,IN,NA,PRESERVED_SPECIMEN,NA
"Danio rerio (Hamilton, 1822)",86.953056,24.189167,IN,NA,PRESERVED_SPECIMEN,NA
"Danio rerio (Hamilton, 1822)",86.953056,24.189167,IN,NA,PRESERVED_SPECIMEN,NA
"Danio rerio (Hamilton, 1822)",87.531667,24.235278,IN,NA,PRESERVED_SPECIMEN,NA
"Danio rerio (Hamilton, 1822)",87.531667,24.235278,IN,NA,PRESERVED_SPECIMEN,NA
"Danio rerio (Hamilton, 1822)",87.531667,24.235278,IN,NA,PRESERVED_SPECIMEN,NA
"Danio rerio (Hamilton, 1822)",87.531667,24.235278,IN,NA,PRESERVED_SPECIMEN,NA
"Danio rerio (Hamilton, 1822)",87.531667,24.235278,IN,NA,PRESERVED_SPECIMEN,NA
"Danio rerio (Hamilton, 1822)",87.531667,24.235278,IN,NA,PRESERVED_SPECIMEN,NA
"Danio rerio (Hamilton, 1822)",87.531667,24.235278,IN,NA,PRESERVED_SPECIMEN,NA
"Danio rerio (Hamilton, 1822)",91.631667,26.061667,IN,NA,PRESERVED_SPECIMEN,NA
"Danio rerio (Hamilton, 1822)",92.625,26.688333,IN,NA,PRESERVED_SPECIMEN,NA
"Danio rerio (Hamilton, 1822)",92.25,26.583333,IN,NA,PRESERVED_SPECIMEN,NA
"Danio rerio (Hamilton, 1822)",92.791667,26.866667,IN,NA,PRESERVED_SPECIMEN,NA
"Danio rerio (Hamilton, 1822)",93.406667,26.578333,IN,NA,PRESERVED_SPECIMEN,NA
"Danio rerio (Hamilton, 1822)",91.883056,25.875,IN,NA,PRESERVED_SPECIMEN,NA
"Danio rerio (Hamilton, 1822)",86.918056000000007,24.221389,IN,NA,PRESERVED_SPECIMEN,NA
BOLD:AAE3739,81.173004,23.5863,IN,NA,MATERIAL_SAMPLE,NA
BOLD:AAE3739,91.44,26.11,IN,NA,MATERIAL_SAMPLE,NA
BOLD:AAE3739,81.173004,23.5863,IN,NA,MATERIAL_SAMPLE,NA
BOLD:AAE3739,81.173004,23.5863,IN,NA,MATERIAL_SAMPLE,NA
BOLD:AAE3739,81.173004,23.5863,IN,NA,MATERIAL_SAMPLE,NA
BOLD:AAE3739,81.173004,23.5863,IN,NA,MATERIAL_SAMPLE,NA
BOLD:AAE3739,81.173004,23.5863,IN,NA,MATERIAL_SAMPLE,NA
BOLD:AAE3739,81.173004,23.5863,IN,NA,MATERIAL_SAMPLE,NA
BOLD:AAE3739,-96.33162,38.82081,US,NA,MATERIAL_SAMPLE,NA
BOLD:AAE3739,81.173004,23.5863,IN,NA,MATERIAL_SAMPLE,NA
BOLD:AAE3739,81.173004,23.5863,IN,NA,MATERIAL_SAMPLE,NA
BOLD:ADL9464,91.819,24.34,BD,NA,MATERIAL_SAMPLE,NA
BOLD:ADL5311,81.173004,23.5863,IN,NA,MATERIAL_SAMPLE,NA
BOLD:ADL5311,81.173004,23.5863,IN,NA,MATERIAL_SAMPLE,NA
"Danio rerio (Hamilton, 1822)",81.7,17.69,IN,NA,PRESERVED_SPECIMEN,NA
"Danio rerio (Hamilton, 1822)",91.44,26.11,IN,NA,PRESERVED_SPECIMEN,NA
"Danio rerio (Hamilton, 1822)",93.04,13.23,IN,NA,PRESERVED_SPECIMEN,NA
BOLD:AAE3739,81.7031,17.6891,IN,NA,MATERIAL_SAMPLE,NA
"Danio rerio (Hamilton, 1822)",-61.01929,14.65485,MQ,NA,HUMAN_OBSERVATION,26983
"Danio rerio (Hamilton, 1822)",-61.01929,14.65485,MQ,NA,HUMAN_OBSERVATION,26983
"Danio rerio (Hamilton, 1822)",88.898022,21.944213,IN,NA,HUMAN_OBSERVATION,29343.64
"Danio rerio (Hamilton, 1822)",88.898022,21.944213,IN,NA,HUMAN_OBSERVATION,29343.64
"Danio rerio (Hamilton, 1822)",-61.01929,14.65485,MQ,NA,HUMAN_OBSERVATION,26983
BOLD:AAE3739,95.144,28.763,IN,NA,MATERIAL_SAMPLE,NA
BOLD:AAE3739,95.144,28.763,IN,NA,MATERIAL_SAMPLE,NA
BOLD:AAE3739,95.144,28.763,IN,NA,MATERIAL_SAMPLE,NA
BOLD:AAE3739,95.144,28.763,IN,NA,MATERIAL_SAMPLE,NA
BOLD:AAE3739,95.144,28.763,IN,NA,MATERIAL_SAMPLE,NA
"Danio roseus Fang & Kottelat, 2000",99.814213,20.286211,TH,2025,HUMAN_OBSERVATION,188
"Danio roseus Fang & Kottelat, 2000",99.814213,20.286211,TH,2025,HUMAN_OBSERVATION,188
"Danio roseus Fang & Kottelat, 2000",98.580083,18.542752,TH,2024,HUMAN_OBSERVATION,176
"Danio roseus Fang & Kottelat, 2000",98.580083,18.542752,TH,2024,HUMAN_OBSERVATION,176
"Danio roseus Fang & Kottelat, 2000",99.829327,20.043595,TH,2024,HUMAN_OBSERVATION,932
"Danio roseus Fang & Kottelat, 2000",99.535912,20.10051,TH,2024,HUMAN_OBSERVATION,NA
"Danio roseus Fang & Kottelat, 2000",100.762761,21.705247,CN,2024,HUMAN_OBSERVATION,NA
"Danio roseus Fang & Kottelat, 2000",99.399372,19.076598,TH,2024,HUMAN_OBSERVATION,170
"Danio roseus Fang & Kottelat, 2000",100.058016,20.286896,TH,2024,HUMAN_OBSERVATION,131
"Danio roseus Fang & Kottelat, 2000",99.77749,20.269173,TH,2023,HUMAN_OBSERVATION,61
"Danio roseus Fang & Kottelat, 2000",99.811295,20.290134,TH,2022,HUMAN_OBSERVATION,122
"Danio roseus Fang & Kottelat, 2000",100.072965,19.270602,TH,2017,PRESERVED_SPECIMEN,NA
"Danio roseus Fang & Kottelat, 2000",99.58538,19.70232,TH,2015,PRESERVED_SPECIMEN,NA
"Danio roseus Fang & Kottelat, 2000",99.266869,20.014101,TH,2015,PRESERVED_SPECIMEN,NA
"Danio roseus Fang & Kottelat, 2000",99.506481,20.086013,TH,2015,PRESERVED_SPECIMEN,NA
"Danio roseus Fang & Kottelat, 2000",96.61569,18.99242,MM,2015,PRESERVED_SPECIMEN,NA
"Danio roseus Fang & Kottelat, 2000",96.61764,18.99611,MM,2015,PRESERVED_SPECIMEN,NA
"Danio roseus Fang & Kottelat, 2000",94.12589,23.62181,MM,2013,PRESERVED_SPECIMEN,NA
"Danio roseus Fang & Kottelat, 2000",94.12153,23.4905,MM,2013,PRESERVED_SPECIMEN,NA
"Danio roseus Fang & Kottelat, 2000",93.95089,23.22053,MM,2013,PRESERVED_SPECIMEN,NA
"Danio roseus Fang & Kottelat, 2000",94.12589,23.62181,MM,2013,PRESERVED_SPECIMEN,NA
"Danio roseus Fang & Kottelat, 2000",94.13511,23.22886,MM,2013,PRESERVED_SPECIMEN,NA
"Danio roseus Fang & Kottelat, 2000",93.95089,23.22053,MM,2013,PRESERVED_SPECIMEN,NA
"Danio roseus Fang & Kottelat, 2000",93.95089,23.22053,MM,2013,PRESERVED_SPECIMEN,NA
"Danio roseus Fang & Kottelat, 2000",94.39694,22.76006,MM,2013,PRESERVED_SPECIMEN,NA
"Danio roseus Fang & Kottelat, 2000",94.39694,22.76006,MM,2013,PRESERVED_SPECIMEN,NA
"Danio roseus Fang & Kottelat, 2000",99.547851,20.288032,TH,2012,HUMAN_OBSERVATION,31
"Danio roseus Fang & Kottelat, 2000",97.07111,17.40697,MM,2011,PRESERVED_SPECIMEN,NA
"Danio roseus Fang & Kottelat, 2000",96.95247,25.26072,MM,2011,PRESERVED_SPECIMEN,NA
"Danio roseus Fang & Kottelat, 2000",96.68442,25.10053,MM,2011,PRESERVED_SPECIMEN,NA
"Danio roseus Fang & Kottelat, 2000",97.39942,27.35911,MM,2011,PRESERVED_SPECIMEN,NA
"Danio roseus Fang & Kottelat, 2000",96.956247,25.25972,MM,2011,PRESERVED_SPECIMEN,NA
"Danio roseus Fang & Kottelat, 2000",96.338331,24.158875,MM,2011,PRESERVED_SPECIMEN,NA
"Danio roseus Fang & Kottelat, 2000",99.6825,19.834722,TH,2010,PRESERVED_SPECIMEN,NA
"Danio roseus Fang & Kottelat, 2000",100.559841,20.17495,LA,2009,HUMAN_OBSERVATION,15
"Danio roseus Fang & Kottelat, 2000",95.00592,18.71572,MM,2009,PRESERVED_SPECIMEN,NA
"Danio roseus Fang & Kottelat, 2000",94.502967,19.9175,MM,2009,PRESERVED_SPECIMEN,NA
"Danio roseus Fang & Kottelat, 2000",99.79767,21.12219,MM,2008,PRESERVED_SPECIMEN,NA
"Danio roseus Fang & Kottelat, 2000",99.58036,21.44247,MM,2008,PRESERVED_SPECIMEN,NA
"Danio roseus Fang & Kottelat, 2000",96.48458,20.75206,MM,2008,PRESERVED_SPECIMEN,NA
"Danio roseus Fang & Kottelat, 2000",96.047917,17.103417,MM,2007,PRESERVED_SPECIMEN,NA
"Danio roseus Fang & Kottelat, 2000",93.788917,20.002167,MM,2007,PRESERVED_SPECIMEN,NA
"Danio roseus Fang & Kottelat, 2000",94.606778,21.294833,MM,2007,PRESERVED_SPECIMEN,NA
"Danio roseus Fang & Kottelat, 2000",94.519139,21.440639,MM,2007,PRESERVED_SPECIMEN,NA
"Danio roseus Fang & Kottelat, 2000",94.113917,21.369194,MM,2007,PRESERVED_SPECIMEN,NA
"Danio roseus Fang & Kottelat, 2000",96.190667,17.239083,MM,2007,PRESERVED_SPECIMEN,NA
"Danio roseus Fang & Kottelat, 2000",94.133167,21.296861,MM,2007,PRESERVED_SPECIMEN,NA
"Danio roseus Fang & Kottelat, 2000",94.673444,21.011667,MM,2007,PRESERVED_SPECIMEN,NA
"Danio roseus Fang & Kottelat, 2000",94.506389,19.915528,MM,2007,PRESERVED_SPECIMEN,NA
"Danio roseus Fang & Kottelat, 2000",94.6733,22.975,MM,2003,PRESERVED_SPECIMEN,NA
"Danio roseus Fang & Kottelat, 2000",96.9847,22.5189,MM,2003,PRESERVED_SPECIMEN,NA
"Danio roseus Fang & Kottelat, 2000",96.4781,18.9575,MM,2003,PRESERVED_SPECIMEN,NA
"Danio roseus Fang & Kottelat, 2000",96.3894,21.9769,MM,2003,PRESERVED_SPECIMEN,NA
"Danio roseus Fang & Kottelat, 2000",97.5281,22.7031,MM,2003,PRESERVED_SPECIMEN,NA
"Danio roseus Fang & Kottelat, 2000",94.7789,22.5378,MM,2003,PRESERVED_SPECIMEN,NA
"Danio roseus Fang & Kottelat, 2000",97.4069,22.6558,MM,2003,PRESERVED_SPECIMEN,NA
"Danio roseus Fang & Kottelat, 2000",96.6664,22.2356,MM,2003,PRESERVED_SPECIMEN,NA
"Danio roseus Fang & Kottelat, 2000",96.5569,24.9786,MM,2003,PRESERVED_SPECIMEN,NA
"Danio roseus Fang & Kottelat, 2000",102.283333,20.116667,LA,1998,PRESERVED_SPECIMEN,NA
"Danio roseus Fang & Kottelat, 2000",102.3,19.95,LA,1997,PRESERVED_SPECIMEN,NA
"Danio roseus Fang & Kottelat, 2000",100.383333,20.133333,LA,1997,PRESERVED_SPECIMEN,NA
"Danio roseus Fang & Kottelat, 2000",100.55,20.3,LA,1997,PRESERVED_SPECIMEN,NA
"Danio roseus Fang & Kottelat, 2000",101.116667,19.883333,LA,1997,PRESERVED_SPECIMEN,NA
"Danio roseus Fang & Kottelat, 2000",100.55,20.183333,LA,1997,PRESERVED_SPECIMEN,NA
"Danio roseus Fang & Kottelat, 2000",98.054444,24.074722,CN,NA,PRESERVED_SPECIMEN,NA
"Danio roseus Fang & Kottelat, 2000",97.647222,23.888333,CN,NA,PRESERVED_SPECIMEN,NA
"Danio roseus Fang & Kottelat, 2000",97.598611,23.904444,CN,NA,PRESERVED_SPECIMEN,NA
"Danio roseus Fang & Kottelat, 2000",97.647222,23.888333,CN,NA,PRESERVED_SPECIMEN,NA
"Danio roseus Fang & Kottelat, 2000",98.054444,24.074722,CN,NA,PRESERVED_SPECIMEN,NA
"Danio roseus Fang & Kottelat, 2000",97.647222,23.888333,CN,NA,PRESERVED_SPECIMEN,NA
"Danio roseus Fang & Kottelat, 2000",96.169444,21.368056,MM,NA,PRESERVED_SPECIMEN,NA
"Danio roseus Fang & Kottelat, 2000",96.284444,19.236944,MM,NA,PRESERVED_SPECIMEN,NA
"Danio roseus Fang & Kottelat, 2000",96.530556,22.056944,MM,NA,PRESERVED_SPECIMEN,NA
"Danio roseus Fang & Kottelat, 2000",97.365278,22.615278,MM,NA,PRESERVED_SPECIMEN,NA
"Danio roseus Fang & Kottelat, 2000",96.120278,20.460833,MM,NA,PRESERVED_SPECIMEN,NA
"Danio roseus Fang & Kottelat, 2000",97.843611,23.133056,MM,NA,PRESERVED_SPECIMEN,NA
"Danio roseus Fang & Kottelat, 2000",97.532778,22.787222,MM,NA,PRESERVED_SPECIMEN,NA
"Danio roseus Fang & Kottelat, 2000",97.771111,22.99,MM,NA,PRESERVED_SPECIMEN,NA
"Danio roseus Fang & Kottelat, 2000",96.664722,22.212778,MM,NA,PRESERVED_SPECIMEN,NA
"Danio roseus Fang & Kottelat, 2000",96.663611,22.222222,MM,NA,PRESERVED_SPECIMEN,NA
"Danio roseus Fang & Kottelat, 2000",97.365278,22.615278,MM,NA,PRESERVED_SPECIMEN,NA
"Danio roseus Fang & Kottelat, 2000",97.897778,23.196667,MM,NA,PRESERVED_SPECIMEN,NA
"Danio roseus Fang & Kottelat, 2000",97.843611,23.133056,MM,NA,PRESERVED_SPECIMEN,NA
"Danio roseus Fang & Kottelat, 2000",97.897778,23.196667,MM,NA,PRESERVED_SPECIMEN,NA
"Danio roseus Fang & Kottelat, 2000",97.843611,23.133056,MM,NA,PRESERVED_SPECIMEN,NA
"Danio roseus Fang & Kottelat, 2000",97.728056,22.975556,MM,NA,PRESERVED_SPECIMEN,NA
"Danio roseus Fang & Kottelat, 2000",97.619444,22.748333,MM,NA,PRESERVED_SPECIMEN,NA
"Danio roseus Fang & Kottelat, 2000",97.897778,23.196667,MM,NA,PRESERVED_SPECIMEN,NA
"Danio roseus Fang & Kottelat, 2000",97.085,22.550833,MM,NA,PRESERVED_SPECIMEN,NA
"Danio roseus Fang & Kottelat, 2000",96.022778,21.3175,MM,NA,PRESERVED_SPECIMEN,NA
"Danio roseus Fang & Kottelat, 2000",96.022778,21.3175,MM,NA,PRESERVED_SPECIMEN,NA
"Danio roseus Fang & Kottelat, 2000",97.897778,23.196667,MM,NA,PRESERVED_SPECIMEN,NA
"Danio roseus Fang & Kottelat, 2000",97.897778,23.196667,MM,NA,PRESERVED_SPECIMEN,NA
"Danio roseus Fang & Kottelat, 2000",98.054444,24.074722,CN,NA,PRESERVED_SPECIMEN,NA
"Danio roseus Fang & Kottelat, 2000",97.581667,22.784167,MM,NA,PRESERVED_SPECIMEN,NA
"Danio roseus Fang & Kottelat, 2000",97.2825,25.338889000000002,MM,NA,PRESERVED_SPECIMEN,NA
"Danio roseus Fang & Kottelat, 2000",97.414167,25.483333,MM,NA,PRESERVED_SPECIMEN,NA
"Danio roseus Fang & Kottelat, 2000",97.506667,25.650556,MM,NA,PRESERVED_SPECIMEN,NA
"Danio roseus Fang & Kottelat, 2000",96.022778,21.3175,MM,NA,PRESERVED_SPECIMEN,NA
"Danio roseus Fang & Kottelat, 2000",96.022778,21.3175,MM,NA,PRESERVED_SPECIMEN,NA
"Danio roseus Fang & Kottelat, 2000",96.022778,21.3175,MM,NA,PRESERVED_SPECIMEN,NA
"Danio roseus Fang & Kottelat, 2000",96.284444,19.236944,MM,NA,PRESERVED_SPECIMEN,NA
"Danio roseus Fang & Kottelat, 2000",96.530556,22.056944,MM,NA,PRESERVED_SPECIMEN,NA
"Danio roseus Fang & Kottelat, 2000",102.186389,18.125,TH,NA,PRESERVED_SPECIMEN,NA
"Danio roseus Fang & Kottelat, 2000",102.186389,18.125,TH,NA,PRESERVED_SPECIMEN,NA
"Danio roseus Fang & Kottelat, 2000",99.453333,19.111389,TH,NA,PRESERVED_SPECIMEN,NA
"Danio roseus Fang & Kottelat, 2000",96.389444,21.976944,MM,NA,PRESERVED_SPECIMEN,NA
"Danio roseus Fang & Kottelat, 2000",99.455833,19.108333,TH,NA,PRESERVED_SPECIMEN,NA
"Danio roseus Fang & Kottelat, 2000",99.455833,19.108333,TH,NA,PRESERVED_SPECIMEN,NA
"Danio roseus Fang & Kottelat, 2000",99.455833,19.108333,TH,NA,PRESERVED_SPECIMEN,NA
"Danio roseus Fang & Kottelat, 2000",99.455833,19.108333,TH,NA,PRESERVED_SPECIMEN,NA
"Danio roseus Fang & Kottelat, 2000",99.455833,19.108333,TH,NA,PRESERVED_SPECIMEN,NA
"Danio roseus Fang & Kottelat, 2000",99.455833,19.108333,TH,NA,PRESERVED_SPECIMEN,NA
"Danio roseus Fang & Kottelat, 2000",99.455833,19.108333,TH,NA,PRESERVED_SPECIMEN,NA
"Danio roseus Fang & Kottelat, 2000",99.455833,19.108333,TH,NA,PRESERVED_SPECIMEN,NA
"Danio roseus Fang & Kottelat, 2000",99.535278,21.279444,MM,NA,PRESERVED_SPECIMEN,NA
"Danio roseus Fang & Kottelat, 2000",99.535278,21.279444,MM,NA,PRESERVED_SPECIMEN,NA
"Danio roseus Fang & Kottelat, 2000",99.882222,20.873889,MM,NA,PRESERVED_SPECIMEN,NA
"Danio roseus Fang & Kottelat, 2000",99.882222,20.873889,MM,NA,PRESERVED_SPECIMEN,NA
"Danio roseus Fang & Kottelat, 2000",96.667222,17.802778,MM,NA,PRESERVED_SPECIMEN,NA
"Danio roseus Fang & Kottelat, 2000",99.882222,20.873889,MM,NA,PRESERVED_SPECIMEN,NA
"Danio roseus Fang & Kottelat, 2000",99.535278,21.279444,MM,NA,PRESERVED_SPECIMEN,NA
"Danio roseus Fang & Kottelat, 2000",99.535278,21.279444,MM,NA,PRESERVED_SPECIMEN,NA
"Danio roseus Fang & Kottelat, 2000",99.625278,21.437778,MM,NA,PRESERVED_SPECIMEN,NA
"Danio roseus Fang & Kottelat, 2000",99.766944,21.146944,MM,NA,PRESERVED_SPECIMEN,NA
"Danio roseus Fang & Kottelat, 2000",99.882222,20.873889,MM,NA,PRESERVED_SPECIMEN,NA
"Danio roseus Fang & Kottelat, 2000",99.6225,21.421944,MM,NA,PRESERVED_SPECIMEN,NA
"Danio roseus Fang & Kottelat, 2000",99.766944,21.146944,MM,NA,PRESERVED_SPECIMEN,NA
"Danio roseus Fang & Kottelat, 2000",99.766944,21.146944,MM,NA,PRESERVED_SPECIMEN,NA
"Danio roseus Fang & Kottelat, 2000",99.6225,21.421944,MM,NA,PRESERVED_SPECIMEN,NA
"Danio roseus Fang & Kottelat, 2000",94.125556,23.620556,MM,NA,PRESERVED_SPECIMEN,NA
"Danio roseus Fang & Kottelat, 2000",94.121667,23.483056,MM,NA,PRESERVED_SPECIMEN,NA
"Danio roseus Fang & Kottelat, 2000",94.125556,23.620556,MM,NA,PRESERVED_SPECIMEN,NA
"Danio roseus Fang & Kottelat, 2000",96.255,20.079722,MM,NA,PRESERVED_SPECIMEN,NA
"Danio roseus Fang & Kottelat, 2000",94.148056,23.834722,MM,NA,PRESERVED_SPECIMEN,NA
"Danio roseus Fang & Kottelat, 2000",93.943889,23.219167,MM,NA,PRESERVED_SPECIMEN,NA
"Danio roseus Fang & Kottelat, 2000",94.629167,22.4875,MM,NA,PRESERVED_SPECIMEN,NA
"Danio roseus Fang & Kottelat, 2000",94.629167,22.4875,MM,NA,PRESERVED_SPECIMEN,NA
"Danio roseus Fang & Kottelat, 2000",94.148056,23.834722,MM,NA,PRESERVED_SPECIMEN,NA
"Danio roseus Fang & Kottelat, 2000",94.118889,23.511667,MM,NA,PRESERVED_SPECIMEN,NA
"Danio roseus Fang & Kottelat, 2000",94.133056,23.228056,MM,NA,PRESERVED_SPECIMEN,NA
"Danio roseus Fang & Kottelat, 2000",93.943889,23.219167,MM,NA,PRESERVED_SPECIMEN,NA
"Danio roseus Fang & Kottelat, 2000",93.943889,23.219167,MM,NA,PRESERVED_SPECIMEN,NA
"Danio roseus Fang & Kottelat, 2000",93.943889,23.219167,MM,NA,PRESERVED_SPECIMEN,NA
"Danio roseus Fang & Kottelat, 2000",94.310278,22.941944,MM,NA,PRESERVED_SPECIMEN,NA
"Danio roseus Fang & Kottelat, 2000",94.088056,23.185,MM,NA,PRESERVED_SPECIMEN,NA
"Danio roseus Fang & Kottelat, 2000",94.310278,22.941944,MM,NA,PRESERVED_SPECIMEN,NA
"Danio roseus Fang & Kottelat, 2000",94.629167,22.4875,MM,NA,PRESERVED_SPECIMEN,NA
"Danio roseus Fang & Kottelat, 2000",94.629167,22.4875,MM,NA,PRESERVED_SPECIMEN,NA
"Danio roseus Fang & Kottelat, 2000",102.18639,18.125,TH,NA,PRESERVED_SPECIMEN,NA
"Danio roseus Fang & Kottelat, 2000",102.186,18.125,TH,NA,PRESERVED_SPECIMEN,NA
"Danio sysphigmatus Kullander, 2015",98.27528,13.86506,MM,2015,PRESERVED_SPECIMEN,NA
"Danio sysphigmatus Kullander, 2015",98.287542,13.93475,MM,2015,PRESERVED_SPECIMEN,NA
"Danio sysphigmatus Kullander, 2015",97.99647,15.01408,MM,2015,PRESERVED_SPECIMEN,NA
"Danio sysphigmatus Kullander, 2015",97.08181,17.396797,MM,2011,PRESERVED_SPECIMEN,NA
"Danio sysphigmatus Kullander, 2015",97.08428,17.40978,MM,2011,PRESERVED_SPECIMEN,NA
"Danio tinwini Kullander & Fang, 2009",96.663333,25.915,MM,NA,PRESERVED_SPECIMEN,NA
"Danio tinwini Kullander & Fang, 2009",96.663333,25.915,MM,NA,PRESERVED_SPECIMEN,NA
"Danio tinwini Kullander & Fang, 2009",96.663333,25.915,MM,NA,PRESERVED_SPECIMEN,NA
"Danio albolineatus (Blyth, 1860)",103.825478,1.36077,SG,2025,HUMAN_OBSERVATION,NA
"Danio albolineatus (Blyth, 1860)",101.440354,12.995151,TH,2025,HUMAN_OBSERVATION,973
"Danio albolineatus (Blyth, 1860)",99.556105,11.576912,TH,2025,HUMAN_OBSERVATION,31
"Danio albolineatus (Blyth, 1860)",101.441608,12.994653,TH,2025,HUMAN_OBSERVATION,NA
"Danio albolineatus (Blyth, 1860)",101.439266,12.994649,TH,2025,HUMAN_OBSERVATION,208
"Danio albolineatus (Blyth, 1860)",101.439266,12.994649,TH,2025,HUMAN_OBSERVATION,208
"Danio albolineatus (Blyth, 1860)",100.509961,7.007552,TH,2025,HUMAN_OBSERVATION,291
"Danio albolineatus (Blyth, 1860)",100.58885,7.033938,TH,2025,HUMAN_OBSERVATION,307
"Danio albolineatus (Blyth, 1860)",100.510155,7.006556,TH,2025,HUMAN_OBSERVATION,7
"Danio albolineatus (Blyth, 1860)",101.64537,3.15601,MY,2025,HUMAN_OBSERVATION,223
"Danio albolineatus (Blyth, 1860)",104.084346,10.317218,VN,2025,HUMAN_OBSERVATION,31199
"Danio albolineatus (Blyth, 1860)",96.170364,21.876795,MM,2025,HUMAN_OBSERVATION,4841
"Danio albolineatus (Blyth, 1860)",103.776924,1.408013,SG,2025,HUMAN_OBSERVATION,55
"Danio albolineatus (Blyth, 1860)",103.778453,1.404577,SG,2025,HUMAN_OBSERVATION,NA
"Danio albolineatus (Blyth, 1860)",101.917351,5.754452,MY,2025,HUMAN_OBSERVATION,31373
"Danio albolineatus (Blyth, 1860)",101.373839,14.221235,TH,2025,HUMAN_OBSERVATION,23518
"Danio albolineatus (Blyth, 1860)",101.684059,12.978236,TH,2025,HUMAN_OBSERVATION,24705
"Danio albolineatus (Blyth, 1860)",101.684059,12.978236,TH,2025,HUMAN_OBSERVATION,24705
"Danio albolineatus (Blyth, 1860)",103.778336,1.409027,SG,2024,HUMAN_OBSERVATION,15
"Danio albolineatus (Blyth, 1860)",100.510268,7.007029,TH,2024,HUMAN_OBSERVATION,163
"Danio albolineatus (Blyth, 1860)",100.509667,7.006747,TH,2024,HUMAN_OBSERVATION,99
"Danio albolineatus (Blyth, 1860)",103.931266,1.471245,MY,2024,HUMAN_OBSERVATION,31446
"Danio albolineatus (Blyth, 1860)",103.777869,1.400588,SG,2024,HUMAN_OBSERVATION,154
"Danio albolineatus (Blyth, 1860)",104.015946,13.451693,KH,2024,HUMAN_OBSERVATION,31020
"Danio albolineatus (Blyth, 1860)",101.647014,3.157669,MY,2024,HUMAN_OBSERVATION,75
"Danio albolineatus (Blyth, 1860)",101.369726,3.901045,MY,2024,HUMAN_OBSERVATION,11847
"Danio albolineatus (Blyth, 1860)",101.172753,14.492558,TH,2024,HUMAN_OBSERVATION,13
"Danio albolineatus (Blyth, 1860)",101.632408,3.2273,MY,2023,HUMAN_OBSERVATION,4
"Danio albolineatus (Blyth, 1860)",104.030061,10.24425,VN,2023,HUMAN_OBSERVATION,7
"Danio albolineatus (Blyth, 1860)",103.810303,1.215514,SG,2023,HUMAN_OBSERVATION,31447
"Danio albolineatus (Blyth, 1860)",100.510479,7.007394,TH,2023,HUMAN_OBSERVATION,182
"Danio albolineatus (Blyth, 1860)",101.662854,3.096595,MY,2023,HUMAN_OBSERVATION,212
"Danio albolineatus (Blyth, 1860)",96.047867,17.103467,MM,2023,HUMAN_OBSERVATION,3
"Danio albolineatus (Blyth, 1860)",96.04336,17.100546,MM,2023,HUMAN_OBSERVATION,5
"Danio albolineatus (Blyth, 1860)",103.827506,1.339244,SG,2022,HUMAN_OBSERVATION,15
"Danio albolineatus (Blyth, 1860)",100.510154,7.008092,TH,2022,HUMAN_OBSERVATION,166
"Danio albolineatus (Blyth, 1860)",101.499345,3.172417,MY,2022,HUMAN_OBSERVATION,6
"Danio albolineatus (Blyth, 1860)",103.823047,1.35725,SG,2022,HUMAN_OBSERVATION,NA
"Danio albolineatus (Blyth, 1860)",98.5993,14.63055,TH,2021,PRESERVED_SPECIMEN,NA
"Danio albolineatus (Blyth, 1860)",98.60352,14.62702,TH,2021,PRESERVED_SPECIMEN,NA
"Danio albolineatus (Blyth, 1860)",98.61986,14.55692,TH,2021,PRESERVED_SPECIMEN,NA
"Danio albolineatus (Blyth, 1860)",98.63091,14.53378,TH,2021,PRESERVED_SPECIMEN,NA
"Danio albolineatus (Blyth, 1860)",98.61882,14.60408,TH,2021,PRESERVED_SPECIMEN,NA
"Danio albolineatus (Blyth, 1860)",102.326346,11.982269,TH,2021,HUMAN_OBSERVATION,209
"Danio albolineatus (Blyth, 1860)",103.830842,1.336219,SG,2021,HUMAN_OBSERVATION,4
"Danio albolineatus (Blyth, 1860)",103.831654,1.336723,SG,2021,HUMAN_OBSERVATION,23
"Danio albolineatus (Blyth, 1860)",100.220531,5.442358,MY,2020,HUMAN_OBSERVATION,892
"Danio albolineatus (Blyth, 1860)",101.657546,3.12985,MY,2019,HUMAN_OBSERVATION,44
"Danio albolineatus (Blyth, 1860)",98.99696,14.07318,TH,2019,PRESERVED_SPECIMEN,NA
"Danio albolineatus (Blyth, 1860)",99.062687,14.242537,TH,2018,PRESERVED_SPECIMEN,NA
"Danio albolineatus (Blyth, 1860)",98.592666,14.668424,TH,2018,PRESERVED_SPECIMEN,NA
"Danio albolineatus (Blyth, 1860)",98.00428,17.49463,TH,2018,PRESERVED_SPECIMEN,NA
"Danio albolineatus (Blyth, 1860)",99.07711,14.09152,TH,2018,PRESERVED_SPECIMEN,NA
"Danio albolineatus (Blyth, 1860)",98.29405,17.21483,TH,2018,PRESERVED_SPECIMEN,NA
"Danio albolineatus (Blyth, 1860)",106.30041,15.20836,LA,2013,PRESERVED_SPECIMEN,NA
"Danio albolineatus (Blyth, 1860)",98.839,19.222,TH,2012,PRESERVED_SPECIMEN,NA
"Danio albolineatus (Blyth, 1860)",98.65,10.033333,TH,2012,PRESERVED_SPECIMEN,NA
"Danio albolineatus (Blyth, 1860)",105.46034,14.69208,TH,2012,PRESERVED_SPECIMEN,NA
BOLD:ACS6641,101.086754,13.662228,TH,2012,MATERIAL_SAMPLE,NA
BOLD:ACS6641,101.086754,13.662228,TH,2012,MATERIAL_SAMPLE,NA
BOLD:ACS6641,101.086754,13.662228,TH,2012,MATERIAL_SAMPLE,NA
BOLD:ACS6641,101.086754,13.662228,TH,2012,MATERIAL_SAMPLE,NA
"Danio albolineatus (Blyth, 1860)",99.035233,2.591389,ID,2012,PRESERVED_SPECIMEN,NA
"Danio albolineatus (Blyth, 1860)",99.537222,20.101667,TH,2012,PRESERVED_SPECIMEN,NA
"Danio albolineatus (Blyth, 1860)",99.22,19.908333,TH,2012,PRESERVED_SPECIMEN,NA
"Danio albolineatus (Blyth, 1860)",99.661667,20.11,TH,2012,PRESERVED_SPECIMEN,NA
"Danio albolineatus (Blyth, 1860)",97.08181,17.396797,MM,2011,PRESERVED_SPECIMEN,NA
"Danio albolineatus (Blyth, 1860)",104.0156,13.6869,KH,2011,PRESERVED_SPECIMEN,NA
"Danio albolineatus (Blyth, 1860)",104.0156,13.6869,KH,2011,PRESERVED_SPECIMEN,NA
"Danio albolineatus (Blyth, 1860)",104.0156,13.6869,KH,2011,PRESERVED_SPECIMEN,NA
"Danio albolineatus (Blyth, 1860)",104.0156,13.6869,KH,2011,PRESERVED_SPECIMEN,NA
"Danio albolineatus (Blyth, 1860)",104.0156,13.6869,KH,2011,PRESERVED_SPECIMEN,NA
"Danio albolineatus (Blyth, 1860)",104.0156,13.6869,KH,2011,PRESERVED_SPECIMEN,NA
"Danio albolineatus (Blyth, 1860)",104.0156,13.6869,KH,2011,PRESERVED_SPECIMEN,NA
"Danio albolineatus (Blyth, 1860)",104.0156,13.6869,KH,2011,PRESERVED_SPECIMEN,NA
"Danio albolineatus (Blyth, 1860)",104.0156,13.6869,KH,2011,PRESERVED_SPECIMEN,NA
"Danio albolineatus (Blyth, 1860)",104.0156,13.6869,KH,2011,PRESERVED_SPECIMEN,NA
"Danio albolineatus (Blyth, 1860)",104.0156,13.6869,KH,2011,PRESERVED_SPECIMEN,NA
"Danio albolineatus (Blyth, 1860)",104.0156,13.6869,KH,2011,PRESERVED_SPECIMEN,NA
"Danio albolineatus (Blyth, 1860)",104.0156,13.6869,KH,2011,PRESERVED_SPECIMEN,NA
"Danio albolineatus (Blyth, 1860)",104.0156,13.6869,KH,2011,PRESERVED_SPECIMEN,NA
"Danio albolineatus (Blyth, 1860)",104.0156,13.6869,KH,2011,PRESERVED_SPECIMEN,NA
"Danio albolineatus (Blyth, 1860)",104.0156,13.6869,KH,2011,PRESERVED_SPECIMEN,NA
"Danio albolineatus (Blyth, 1860)",104.0156,13.6869,KH,2011,PRESERVED_SPECIMEN,NA
"Danio albolineatus (Blyth, 1860)",104.0156,13.6869,KH,2011,PRESERVED_SPECIMEN,NA
"Danio albolineatus (Blyth, 1860)",104.0156,13.6869,KH,2011,PRESERVED_SPECIMEN,NA
"Danio albolineatus (Blyth, 1860)",104.0156,13.6869,KH,2011,PRESERVED_SPECIMEN,NA
"Danio albolineatus (Blyth, 1860)",104.0156,13.6869,KH,2011,PRESERVED_SPECIMEN,NA
"Danio albolineatus (Blyth, 1860)",104.0156,13.6869,KH,2011,PRESERVED_SPECIMEN,NA
"Danio albolineatus (Blyth, 1860)",104.0156,13.6869,KH,2011,PRESERVED_SPECIMEN,NA
"Danio albolineatus (Blyth, 1860)",104.0156,13.6869,KH,2011,PRESERVED_SPECIMEN,NA
"Danio albolineatus (Blyth, 1860)",98.527222,14.680278,TH,2010,PRESERVED_SPECIMEN,NA
"Danio albolineatus (Blyth, 1860)",98.5237,14.713517,TH,2010,PRESERVED_SPECIMEN,NA
"Danio albolineatus (Blyth, 1860)",100.396184,20.226451,TH,2009,HUMAN_OBSERVATION,977
"Danio albolineatus (Blyth, 1860)",94.50586,19.91419,MM,2009,PRESERVED_SPECIMEN,NA
"Danio albolineatus (Blyth, 1860)",100.695833,16.560556,TH,2009,PRESERVED_SPECIMEN,NA
"Danio albolineatus (Blyth, 1860)",94.94003,17.47228,MM,2009,PRESERVED_SPECIMEN,NA
"Danio albolineatus (Blyth, 1860)",100.085133,17.8221,TH,2007,PRESERVED_SPECIMEN,NA
"Danio albolineatus (Blyth, 1860)",102.4133,12.705483,TH,2007,PRESERVED_SPECIMEN,NA
"Danio albolineatus (Blyth, 1860)",101.164517,13.081367,TH,2007,PRESERVED_SPECIMEN,NA
"Danio albolineatus (Blyth, 1860)",98.4852,2.62163,ID,2006,PRESERVED_SPECIMEN,NA
"Danio albolineatus (Blyth, 1860)",99.0352,2.5914,ID,2006,PRESERVED_SPECIMEN,NA
"Danio albolineatus (Blyth, 1860)",99.1708,2.41023,ID,2006,PRESERVED_SPECIMEN,NA
"Danio albolineatus (Blyth, 1860)",99.1224,2.5192,ID,2006,PRESERVED_SPECIMEN,NA
"Brachydanio albolineatus (Blyth, 1860)",101.066667,17.483333,TH,1998,PRESERVED_SPECIMEN,1000
"Brachydanio albolineatus (Blyth, 1860)",101.066667,17.483333,TH,1998,PRESERVED_SPECIMEN,1000
"Danio pulcher Smith, 1931",106.083333,13.416667,KH,1996,PRESERVED_SPECIMEN,NA
"Danio albolineatus (Blyth, 1860)",98.2,14.13,MM,1996,PRESERVED_SPECIMEN,NA
"Danio albolineatus (Blyth, 1860)",100.66417,5.42389,MY,1995,PRESERVED_SPECIMEN,NA
"Danio albolineatus (Blyth, 1860)",97.918365,18.028996,TH,1995,PRESERVED_SPECIMEN,22214
"Danio albolineatus (Blyth, 1860)",97.742308,17.979386,TH,1995,PRESERVED_SPECIMEN,1212
"Danio albolineatus (Blyth, 1860)",97.918365,18.028996,TH,1995,PRESERVED_SPECIMEN,22214
"Danio albolineatus (Blyth, 1860)",97.742308,17.979386,TH,1995,PRESERVED_SPECIMEN,1212
"Danio albolineatus (Blyth, 1860)",31.644444,-29.07361,ZA,1994,PRESERVED_SPECIMEN,NA
"Danio albolineatus (Blyth, 1860)",99.31921,15.60798,TH,1991,PRESERVED_SPECIMEN,NA
"Brachydanio albolineatus (Blyth, 1860)",99.58,8.58,TH,1991,PRESERVED_SPECIMEN,NA
"Brachydanio albolineatus (Blyth, 1860)",101.17,6.25,TH,1991,PRESERVED_SPECIMEN,NA
"Brachydanio albolineatus (Blyth, 1860)",96.083333,22,MM,1989,PRESERVED_SPECIMEN,NA
"Brachydanio albolineatus (Blyth, 1860)",96.083333,22,MM,1989,PRESERVED_SPECIMEN,NA
"Brachydanio albolineatus (Blyth, 1860)",96.083333,22,MM,1989,PRESERVED_SPECIMEN,NA
"Brachydanio albolineatus (Blyth, 1860)",96.083333,22,MM,1987,PRESERVED_SPECIMEN,NA
"Danio albolineatus (Blyth, 1860)",-82.439429,27.73138,US,1982,PRESERVED_SPECIMEN,NA
"Danio albolineatus (Blyth, 1860)",102.130483,12.841513,TH,1976,PRESERVED_SPECIMEN,NA
"Danio albolineatus (Blyth, 1860)",101.13333,14.4,TH,1975,PRESERVED_SPECIMEN,NA
"Danio albolineatus (Blyth, 1860)",102.285161,12.971907,TH,1965,PRESERVED_SPECIMEN,NA
"Brachydanio albolineatus (Blyth, 1860)",98.851119,2.710163,ID,1954,PRESERVED_SPECIMEN,NA
"Brachydanio albolineatus (Blyth, 1860)",96.156111,16.805278,MM,1940,PRESERVED_SPECIMEN,17436
"Brachydanio albolineatus (Blyth, 1860)",100.336585,5.37252,MY,1937,PRESERVED_SPECIMEN,40310
"Danio albolineatus (Blyth, 1860)",98.233056,16.549722,MM,NA,PRESERVED_SPECIMEN,NA
"Danio albolineatus (Blyth, 1860)",98.233056,16.549722,MM,NA,PRESERVED_SPECIMEN,NA
"Danio pulcher Smith, 1931",106.974444,10.950278,VN,NA,PRESERVED_SPECIMEN,NA
"Danio albolineatus (Blyth, 1860)",97.764722,22.931667,MM,NA,PRESERVED_SPECIMEN,NA
"Danio albolineatus (Blyth, 1860)",96.340556,19.167778,MM,NA,PRESERVED_SPECIMEN,NA
"Danio albolineatus (Blyth, 1860)",96.389444,21.976944,MM,NA,PRESERVED_SPECIMEN,NA
"Danio albolineatus (Blyth, 1860)",94.778889,22.537778,MM,NA,PRESERVED_SPECIMEN,NA
"Danio albolineatus (Blyth, 1860)",94.778889,22.537778,MM,NA,PRESERVED_SPECIMEN,NA
"Danio tweediei Brittan, 1956",99.8,8.55,TH,NA,PRESERVED_SPECIMEN,NA
"Danio tweediei Brittan, 1956",99.8,8.55,TH,NA,PRESERVED_SPECIMEN,NA
"Danio tweediei Brittan, 1956",99.8,8.55,TH,NA,PRESERVED_SPECIMEN,NA
"Danio pulcher Smith, 1931",98.520278,2.8925,ID,NA,PRESERVED_SPECIMEN,NA
"Danio albolineatus (Blyth, 1860)",97.748611,16.239444,MM,NA,PRESERVED_SPECIMEN,NA
"Danio albolineatus (Blyth, 1860)",97.3375,17.011111,MM,NA,PRESERVED_SPECIMEN,NA
"Danio albolineatus (Blyth, 1860)",96.667222,17.802778,MM,NA,PRESERVED_SPECIMEN,NA
"Danio albolineatus (Blyth, 1860)",97.748611,16.239444,MM,NA,PRESERVED_SPECIMEN,NA
"Danio albolineatus (Blyth, 1860)",97.748611,16.239444,MM,NA,PRESERVED_SPECIMEN,NA
"Danio albolineatus (Blyth, 1860)",97.493333,16.967778,MM,NA,PRESERVED_SPECIMEN,NA
"Danio albolineatus (Blyth, 1860)",94.310278,22.941944,MM,NA,PRESERVED_SPECIMEN,NA
"Danio albolineatus (Blyth, 1860)",94.310278,22.941944,MM,NA,PRESERVED_SPECIMEN,NA
"Danio albolineatus (Blyth, 1860)",94.310278,22.941944,MM,NA,PRESERVED_SPECIMEN,NA
"Danio albolineatus (Blyth, 1860)",96.255,20.079722,MM,NA,PRESERVED_SPECIMEN,NA
"Danio albolineatus (Blyth, 1860)",96.255,20.079722,MM,NA,PRESERVED_SPECIMEN,NA
"Danio albolineatus (Blyth, 1860)",96.255,20.079722,MM,NA,PRESERVED_SPECIMEN,NA
"Danio albolineatus (Blyth, 1860)",93.943889,23.219167,MM,NA,PRESERVED_SPECIMEN,NA
"Danio albolineatus (Blyth, 1860)",93.943889,23.219167,MM,NA,PRESERVED_SPECIMEN,NA
"Danio albolineatus (Blyth, 1860)",93.943889,23.219167,MM,NA,PRESERVED_SPECIMEN,NA
"Danio albolineatus (Blyth, 1860)",93.943889,23.219167,MM,NA,PRESERVED_SPECIMEN,NA
"Danio albolineatus (Blyth, 1860)",93.943889,23.219167,MM,NA,PRESERVED_SPECIMEN,NA
"Danio albolineatus (Blyth, 1860)",93.943889,23.219167,MM,NA,PRESERVED_SPECIMEN,NA
"Danio albolineatus (Blyth, 1860)",93.943889,23.219167,MM,NA,PRESERVED_SPECIMEN,NA
"Danio albolineatus (Blyth, 1860)",93.943889,23.219167,MM,NA,PRESERVED_SPECIMEN,NA
"Danio albolineatus (Blyth, 1860)",93.943889,23.219167,MM,NA,PRESERVED_SPECIMEN,NA
"Danio albolineatus (Blyth, 1860)",93.943889,23.219167,MM,NA,PRESERVED_SPECIMEN,NA
"Danio albolineatus (Blyth, 1860)",93.943889,23.219167,MM,NA,PRESERVED_SPECIMEN,NA
"Danio albolineatus (Blyth, 1860)",93.943889,23.219167,MM,NA,PRESERVED_SPECIMEN,NA
"Danio albolineatus (Blyth, 1860)",94.133056,23.228056,MM,NA,PRESERVED_SPECIMEN,NA
"Danio albolineatus (Blyth, 1860)",93.943889,23.219167,MM,NA,PRESERVED_SPECIMEN,NA
"Danio albolineatus (Blyth, 1860)",93.943889,23.219167,MM,NA,PRESERVED_SPECIMEN,NA
"Danio albolineatus (Blyth, 1860)",93.943889,23.219167,MM,NA,PRESERVED_SPECIMEN,NA
"Danio albolineatus (Blyth, 1860)",93.943889,23.219167,MM,NA,PRESERVED_SPECIMEN,NA
"Danio albolineatus (Blyth, 1860)",93.943889,23.219167,MM,NA,PRESERVED_SPECIMEN,NA
"Danio albolineatus (Blyth, 1860)",94.118889,23.511667,MM,NA,PRESERVED_SPECIMEN,NA
"Danio albolineatus (Blyth, 1860)",94.088056,23.185,MM,NA,PRESERVED_SPECIMEN,NA
"Danio albolineatus (Blyth, 1860)",94.118889,23.511667,MM,NA,PRESERVED_SPECIMEN,NA
"Danio albolineatus (Blyth, 1860)",94.121667,23.483056,MM,NA,PRESERVED_SPECIMEN,NA
"Danio albolineatus (Blyth, 1860)",94.121667,23.483056,MM,NA,PRESERVED_SPECIMEN,NA
"Danio albolineatus (Blyth, 1860)",102.296167,12.117033,TH,NA,PRESERVED_SPECIMEN,NA
"Danio albolineatus (Blyth, 1860)",102.296167,12.117033,TH,NA,PRESERVED_SPECIMEN,NA
"Danio albolineatus (Blyth, 1860)",102.296167,12.117033,TH,NA,PRESERVED_SPECIMEN,NA
"Danio albolineatus (Blyth, 1860)",102.296167,12.117033,TH,NA,PRESERVED_SPECIMEN,NA
"Danio albolineatus (Blyth, 1860)",102.296167,12.117033,TH,NA,PRESERVED_SPECIMEN,NA
"Danio albolineatus (Blyth, 1860)",102.296167,12.117033,TH,NA,PRESERVED_SPECIMEN,NA
"Danio albolineatus (Blyth, 1860)",102.296167,12.117033,TH,NA,PRESERVED_SPECIMEN,NA
"Danio albolineatus (Blyth, 1860)",102.296167,12.117033,TH,NA,PRESERVED_SPECIMEN,NA
"Danio albolineatus (Blyth, 1860)",102.296167,12.117033,TH,NA,PRESERVED_SPECIMEN,NA
"Danio albolineatus (Blyth, 1860)",102.296167,12.117033,TH,NA,PRESERVED_SPECIMEN,NA
"Danio albolineatus (Blyth, 1860)",102.296167,12.117033,TH,NA,PRESERVED_SPECIMEN,NA
"Danio albolineatus (Blyth, 1860)",102.296167,12.117033,TH,NA,PRESERVED_SPECIMEN,NA
"Brachydanio albolineatus (Blyth, 1860)",99.90811,-1.0928,ID,NA,PRESERVED_SPECIMEN,NA
"Danio tweediei Brittan, 1956",102.373611,5.742778,MY,NA,PRESERVED_SPECIMEN,NA
"Danio pulcher Smith, 1931",103.411389,11.1175,KH,NA,PRESERVED_SPECIMEN,NA
"Danio pulcher Smith, 1931",102.326389,11.981944,TH,NA,PRESERVED_SPECIMEN,NA
"Danio pulcher Smith, 1931",102.320833,12.001111,TH,NA,PRESERVED_SPECIMEN,NA
"Danio pulcher Smith, 1931",102.326389,11.981944,TH,NA,PRESERVED_SPECIMEN,NA
"Danio albolineatus (Blyth, 1860)",94.519167,21.434167,MM,NA,PRESERVED_SPECIMEN,NA
"Danio albolineatus (Blyth, 1860)",94.244722,21.456667,MM,NA,PRESERVED_SPECIMEN,NA
"Danio albolineatus (Blyth, 1860)",96.190556,17.239167,MM,NA,PRESERVED_SPECIMEN,NA
"Danio pulcher Smith, 1931",105.633333,14.133333,LA,NA,PRESERVED_SPECIMEN,NA
"Danio tweediei Brittan, 1956",100.47751,5.639395,MY,NA,PRESERVED_SPECIMEN,4756
"Danio tweediei Brittan, 1956",100.47751,5.639395,MY,NA,PRESERVED_SPECIMEN,4756
"Danio tweediei Brittan, 1956",98.550278,3.265833,ID,NA,PRESERVED_SPECIMEN,NA
"Microrasbora erythromicron Annandale, 1918",96.915749,20.547672,MM,1994,PRESERVED_SPECIMEN,9711
"Danio erythromicron (Annandale, 1918)",96.916667,20.55,MM,NA,PRESERVED_SPECIMEN,NA
"Danio erythromicron (Annandale, 1918)",96.916667,20.55,MM,NA,PRESERVED_SPECIMEN,NA
"Danio erythromicron (Annandale, 1918)",96.916667,20.55,MM,NA,PRESERVED_SPECIMEN,NA
"Danio erythromicron (Annandale, 1918)",96.916667,20.55,MM,NA,PRESERVED_SPECIMEN,NA
"Microrasbora erythromicron Annandale, 1918",96.916667,20.55,MM,NA,PRESERVED_SPECIMEN,NA
"Microrasbora erythromicron Annandale, 1918",96.916667,20.55,MM,NA,PRESERVED_SPECIMEN,NA
BOLD:AAG0790,97.08892,19.901228,MM,NA,MATERIAL_SAMPLE,NA
BOLD:AAG0790,97.08892,19.901228,MM,NA,MATERIAL_SAMPLE,NA
BOLD:AAG0790,97.08892,19.901228,MM,NA,MATERIAL_SAMPLE,NA
BOLD:AAG0790,97.08892,19.901228,MM,NA,MATERIAL_SAMPLE,NA
BOLD:AAG0790,97.08892,19.901228,MM,NA,MATERIAL_SAMPLE,NA
BOLD:AAG0790,97.08892,19.901228,MM,NA,MATERIAL_SAMPLE,NA
BOLD:AAG0790,97.08892,19.901228,MM,NA,MATERIAL_SAMPLE,NA
BOLD:AAG0790,97.08892,19.901228,MM,NA,MATERIAL_SAMPLE,NA
BOLD:AAG0790,97.08892,19.901228,MM,NA,MATERIAL_SAMPLE,NA
BOLD:AAG0790,97.08892,19.901228,MM,NA,MATERIAL_SAMPLE,NA
BOLD:AAG0790,97.08892,19.901228,MM,NA,MATERIAL_SAMPLE,NA
BOLD:AAG0790,97.18075,20.789167,MM,NA,MATERIAL_SAMPLE,NA
BOLD:AAG0790,97.18075,20.789167,MM,NA,MATERIAL_SAMPLE,NA
BOLD:AAG0790,97.18075,20.789167,MM,NA,MATERIAL_SAMPLE,NA
